OrderDate,Region,Department,Revenue,Profit,Orders,DataSource
2026-01-03,West,Retail,855.41,243.27,2,POS
2026-06-01,East,Wealth,726.32,166.5,7,ERP
2026-04-11,North,Retail,727.14,125.87,11,POS
2026-02-12,South,Commercial,1686.51,501.1,14,ERP
2026-03-19,West,Commercial,2417.0,755.62,17,ERP
2026-02-23,South,Retail,1012.88,161.07,9,POS
2026-01-26,West,Wealth,838.83,222.8,6,ERP
2026-02-15,West,Wealth,932.07,114.59,5,ERP
2026-02-21,North,Retail,972.63,258.03,7,POS
2026-02-17,North,Commercial,1336.84,211.84,11,ERP
2026-05-19,North,Wealth,691.99,159.72,6,ERP
2026-02-05,North,Retail,946.11,214.11,10,POS
2026-03-22,East,Wealth,671.34,196.44,5,ERP
2026-02-06,North,Commercial,1604.0,332.0,7,ERP
2026-06-14,West,Commercial,2502.62,600.22,8,ERP
2026-03-31,West,Commercial,1838.93,564.5,10,ERP
2026-02-05,East,Wealth,594.25,176.37,5,ERP
2026-03-02,North,Commercial,1517.54,274.51,12,ERP
2026-01-10,East,Commercial,1040.07,295.17,16,ERP
2026-02-15,East,Commercial,1468.45,224.97,17,ERP
2026-01-15,North,Commercial,1607.99,379.96,12,ERP
2026-02-19,West,Wealth,1447.65,237.91,4,ERP
2026-05-11,East,Retail,841.38,268.84,8,POS
2026-01-20,East,Commercial,1274.57,210.76,6,ERP
2026-06-25,East,Commercial,1870.84,401.04,10,ERP
2026-02-28,South,Retail,696.15,200.23,11,POS
2026-02-03,East,Wealth,738.37,93.69,6,ERP
2026-05-08,South,Commercial,1770.34,365.53,13,ERP
2026-05-24,West,Retail,1320.82,333.17,6,POS
2026-06-25,North,Retail,1058.57,220.87,5,POS
2026-03-02,North,Wealth,755.18,191.53,4,ERP
2026-02-02,West,Commercial,2197.88,679.01,18,ERP
2026-05-28,East,Retail,1209.64,368.23,9,POS
2026-05-06,South,Wealth,809.08,219.23,5,ERP
2026-04-02,South,Retail,867.27,240.71,6,POS
2026-03-11,West,Retail,1304.59,371.89,9,POS
2026-03-08,East,Commercial,1654.91,406.48,6,ERP
2026-01-15,East,Commercial,2269.4,280.27,11,ERP
2026-05-13,South,Retail,937.36,241.83,6,POS
2026-04-26,West,Retail,1241.4,155.04,6,POS
2026-03-29,South,Wealth,652.43,145.91,6,ERP
2026-02-14,South,Retail,835.71,131.61,11,POS
2026-04-04,South,Wealth,370.04,45.2,6,ERP
2026-02-17,South,Retail,685.64,153.2,7,POS
2026-02-14,North,Wealth,664.15,175.25,5,ERP
2026-03-11,East,Commercial,1898.54,571.53,8,ERP
2026-05-09,East,Commercial,1606.46,257.59,5,ERP
2026-01-01,West,Retail,1240.12,310.26,9,POS
2026-02-26,South,Wealth,586.33,127.98,7,ERP
2026-01-27,West,Commercial,2887.12,570.43,15,ERP
2026-01-21,North,Wealth,634.18,111.59,5,ERP
2026-05-31,South,Wealth,499.56,79.68,5,ERP
2026-04-17,North,Retail,919.65,243.61,8,POS
2026-03-16,South,Commercial,1488.39,378.34,13,ERP
2026-04-20,West,Wealth,796.57,160.49,5,ERP
2026-04-30,West,Retail,1460.83,185.72,9,POS
2026-03-02,East,Commercial,1412.08,269.19,9,ERP
2026-06-03,North,Commercial,1415.26,311.72,15,ERP
2026-02-10,North,Retail,1001.4,166.96,8,POS
2026-05-17,South,Wealth,731.68,95.63,7,ERP
2026-04-30,East,Wealth,967.92,147.31,5,ERP
2026-04-08,West,Wealth,1043.44,235.23,4,ERP
2026-04-13,North,Commercial,1463.35,256.1,11,ERP
2026-05-10,South,Commercial,1355.28,355.65,7,ERP
2026-06-08,West,Retail,1388.81,386.27,6,POS
2026-03-08,West,Retail,1377.69,356.73,7,POS
2026-06-06,North,Wealth,938.04,189.81,6,ERP
2026-01-19,West,Wealth,664.47,204.85,5,ERP
2026-06-29,North,Commercial,1750.58,220.3,10,ERP
2026-04-11,North,Wealth,691.07,139.97,3,ERP
2026-06-30,East,Commercial,1455.33,216.9,12,ERP
2026-04-02,North,Wealth,619.3,104.96,6,ERP
2026-02-19,East,Commercial,2174.67,625.09,8,ERP
2026-03-10,West,Retail,1279.93,171.98,8,POS
2026-02-04,South,Retail,880.68,271.93,6,POS
2026-01-12,West,Wealth,906.56,124.11,6,ERP
2026-02-26,North,Commercial,1132.05,242.02,11,ERP
2026-04-17,West,Commercial,2620.22,649.54,10,ERP
2026-04-25,North,Commercial,1508.01,319.98,20,ERP
2026-01-08,North,Retail,926.89,215.36,5,POS
2026-04-25,North,Wealth,681.01,143.42,5,ERP
2026-03-25,West,Wealth,982.42,237.32,5,ERP
2026-02-14,East,Retail,1511.83,325.18,5,POS
2026-03-01,South,Wealth,652.49,92.72,4,ERP
2026-05-31,North,Retail,867.81,181.6,5,POS
2026-01-06,East,Commercial,1664.0,407.37,14,ERP
2026-04-29,South,Wealth,616.48,101.42,4,ERP
2026-06-18,West,Wealth,1195.16,261.28,5,ERP
2026-04-03,South,Retail,690.0,133.43,7,POS
2026-03-25,South,Retail,840.87,186.69,4,POS
2026-04-29,East,Wealth,558.73,146.29,5,ERP
2026-06-24,West,Wealth,939.82,218.38,4,ERP
2026-05-30,South,Retail,989.7,216.49,10,POS
2026-01-02,East,Wealth,796.67,216.24,6,ERP
2026-06-08,West,Commercial,2206.46,621.39,16,ERP
2026-02-18,North,Retail,925.84,148.32,8,POS
2026-04-20,North,Commercial,1697.84,523.87,11,ERP
2026-02-06,East,Retail,925.74,140.88,10,POS
2026-05-18,West,Retail,1782.16,477.76,7,POS
2026-04-23,North,Retail,1066.62,268.63,7,POS
2026-04-05,West,Retail,1661.57,334.68,7,POS
2026-05-11,North,Retail,894.4,136.29,6,POS
2026-05-16,East,Wealth,971.0,250.13,1,ERP
2026-06-23,South,Retail,876.47,234.32,8,POS
2026-02-18,East,Wealth,746.95,233.57,3,ERP
2026-06-22,West,Commercial,2399.63,485.26,9,ERP
2026-03-26,North,Commercial,1030.47,172.84,11,ERP
2026-04-21,West,Retail,1842.2,498.39,2,POS
2026-02-08,East,Retail,823.55,216.97,6,POS
2026-03-26,East,Wealth,648.57,96.26,5,ERP
2026-05-21,North,Wealth,690.22,197.46,5,ERP
2026-05-03,East,Commercial,1868.4,342.09,10,ERP
2026-02-17,West,Wealth,825.24,141.07,5,ERP
2026-01-12,East,Retail,1197.47,304.29,4,POS
2026-05-17,East,Wealth,829.5,145.64,7,ERP
2026-05-02,West,Wealth,991.94,277.18,4,ERP
2026-01-05,South,Commercial,1437.4,237.67,8,ERP
2026-02-11,South,Commercial,1092.55,203.31,6,ERP
2026-06-15,North,Commercial,1392.86,336.19,12,ERP
2026-03-09,East,Retail,964.21,286.31,9,POS
2026-04-29,North,Wealth,767.99,155.0,5,ERP
2026-05-20,East,Wealth,513.16,130.33,4,ERP
2026-01-08,West,Wealth,996.97,264.24,7,ERP
2026-05-18,South,Wealth,671.49,162.89,8,ERP
2026-06-22,West,Retail,1139.32,185.4,10,POS
2026-04-24,West,Retail,1149.5,169.75,10,POS
2026-05-17,South,Commercial,1305.83,352.34,13,ERP
2026-03-15,South,Wealth,667.14,196.55,6,ERP
2026-02-13,South,Wealth,608.64,142.12,5,ERP
2026-01-02,East,Retail,803.89,237.17,6,POS
2026-01-11,North,Retail,878.25,138.67,5,POS
2026-04-27,North,Commercial,1399.35,295.03,11,ERP
2026-02-25,North,Commercial,1443.41,252.14,17,ERP
2026-06-08,West,Wealth,1274.79,170.35,7,ERP
2026-03-01,South,Commercial,1458.9,460.55,15,ERP
2026-05-11,West,Wealth,1099.31,163.16,3,ERP
2026-04-05,South,Wealth,746.89,229.61,7,ERP
2026-04-14,North,Commercial,1810.17,336.48,5,ERP
2026-06-11,South,Wealth,633.91,127.08,3,ERP
2026-04-29,North,Commercial,1615.35,332.97,10,ERP
2026-02-14,North,Commercial,1595.33,468.88,12,ERP
2026-05-07,West,Retail,1533.24,385.13,6,POS
2026-01-28,West,Retail,993.51,208.0,9,POS
2026-06-04,North,Commercial,1320.12,191.54,10,ERP
2026-05-17,East,Commercial,2099.87,555.12,14,ERP
2026-02-24,East,Commercial,1880.85,506.54,16,ERP
2026-04-25,East,Commercial,1839.09,567.8,11,ERP
2026-05-01,North,Commercial,1325.03,227.51,14,ERP
2026-01-16,North,Wealth,802.69,142.18,7,ERP
2026-03-27,West,Retail,1485.25,208.77,9,POS
2026-06-05,North,Commercial,1760.97,319.23,18,ERP
2026-05-15,South,Retail,967.95,249.86,9,POS
2026-04-08,West,Commercial,1048.12,165.49,12,ERP
2026-03-06,West,Wealth,854.09,121.1,7,ERP
2026-01-17,South,Retail,940.21,154.2,6,POS
2026-03-17,West,Wealth,687.89,202.57,4,ERP
2026-06-25,West,Commercial,1828.47,334.62,16,ERP
2026-05-14,West,Commercial,2157.82,667.6,5,ERP
2026-06-05,East,Commercial,1209.52,149.19,12,ERP
2026-04-20,West,Retail,1420.55,191.77,7,POS
2026-05-04,East,Commercial,1680.46,354.82,11,ERP
2026-01-19,South,Commercial,1253.1,225.94,12,ERP
2026-01-10,East,Retail,1025.9,149.69,6,POS
2026-02-17,West,Commercial,2195.18,560.94,17,ERP
2026-01-17,South,Wealth,602.13,83.18,6,ERP
2026-03-16,West,Retail,1398.78,218.85,7,POS
2026-05-17,West,Retail,1558.32,429.19,7,POS
2026-04-04,North,Commercial,1663.99,220.36,7,ERP
2026-04-10,West,Wealth,1129.12,333.63,6,ERP
2026-01-29,East,Wealth,775.45,133.82,5,ERP
2026-03-23,South,Wealth,632.73,137.6,5,ERP
2026-06-07,South,Wealth,557.95,81.26,4,ERP
2026-05-01,South,Retail,1085.41,281.47,9,POS
2026-01-04,East,Wealth,669.97,89.42,5,ERP
2026-01-03,South,Commercial,1307.74,311.01,16,ERP
2026-01-28,West,Wealth,790.29,215.52,5,ERP
2026-01-30,West,Wealth,1124.59,215.98,5,ERP
2026-01-22,West,Wealth,942.41,190.52,5,ERP
2026-01-15,West,Wealth,727.87,155.23,5,ERP
2026-04-04,West,Wealth,745.31,123.61,4,ERP
2026-01-02,West,Commercial,1726.65,310.72,10,ERP
2026-05-25,South,Commercial,1151.95,139.07,16,ERP
2026-04-23,East,Commercial,2090.78,531.36,8,ERP
2026-04-17,West,Wealth,1028.52,309.75,6,ERP
2026-05-03,South,Commercial,1367.07,376.06,8,ERP
2026-02-01,East,Retail,1278.86,336.44,5,POS
2026-05-27,West,Wealth,920.74,176.68,6,ERP
2026-04-11,West,Wealth,994.27,191.44,4,ERP
2026-02-23,North,Commercial,1511.07,212.36,14,ERP
2026-06-17,East,Wealth,678.21,89.48,8,ERP
2026-06-02,West,Commercial,2748.73,616.11,18,ERP
2026-02-12,West,Wealth,809.69,182.27,6,ERP
2026-02-03,South,Commercial,1499.62,264.71,13,ERP
2026-06-12,East,Commercial,2420.9,716.25,10,ERP
2026-06-26,North,Retail,981.52,202.24,9,POS
2026-02-10,South,Commercial,1071.97,297.59,6,ERP
2026-04-09,East,Commercial,1666.45,517.59,14,ERP
2026-03-08,South,Wealth,524.62,84.09,6,ERP
2026-01-16,West,Retail,1572.15,330.39,8,POS
2026-03-27,South,Retail,953.6,166.8,10,POS
2026-05-25,East,Retail,1254.88,164.08,9,POS
2026-05-14,North,Retail,599.84,76.55,4,POS
2026-06-01,East,Commercial,1383.9,203.37,13,ERP
2026-06-24,North,Commercial,1752.54,315.99,7,ERP
2026-05-05,East,Retail,1065.67,179.63,8,POS
2026-02-23,West,Retail,1630.82,341.09,8,POS
2026-06-12,North,Commercial,1972.57,500.82,7,ERP
2026-06-10,North,Commercial,1583.48,393.49,15,ERP
2026-05-29,East,Commercial,1580.55,379.95,16,ERP
2026-04-04,North,Retail,867.46,207.37,7,POS
2026-05-23,South,Commercial,1372.3,368.46,14,ERP
2026-04-28,East,Retail,1034.43,208.49,12,POS
2026-03-11,West,Wealth,741.42,124.47,7,ERP
2026-01-30,North,Commercial,1507.96,226.0,12,ERP
2026-04-19,North,Wealth,653.71,173.91,6,ERP
2026-03-03,South,Retail,1007.02,245.75,7,POS
2026-06-21,East,Commercial,2176.3,583.43,15,ERP
2026-03-27,East,Retail,1353.99,284.15,7,POS
2026-03-20,West,Wealth,1018.15,278.4,6,ERP
2026-06-21,North,Commercial,1011.61,304.68,14,ERP
2026-02-20,South,Commercial,1423.81,409.93,14,ERP
2026-05-30,South,Commercial,1078.32,174.58,17,ERP
2026-06-17,North,Wealth,754.58,170.35,7,ERP
2026-02-06,North,Wealth,704.13,99.55,7,ERP
2026-01-18,East,Wealth,804.84,197.93,6,ERP
2026-05-10,East,Wealth,625.93,86.67,5,ERP
2026-01-30,South,Commercial,1252.02,150.9,12,ERP
2026-03-12,South,Wealth,563.72,167.44,6,ERP
2026-01-20,North,Retail,855.75,239.11,6,POS
2026-05-12,North,Commercial,1502.69,379.5,16,ERP
2026-04-17,South,Retail,729.84,156.44,5,POS
2026-03-30,South,Commercial,1111.74,259.02,12,ERP
2026-06-21,East,Wealth,993.57,180.37,4,ERP
2026-01-12,South,Commercial,1362.8,164.89,16,ERP
2026-06-22,North,Wealth,858.43,163.27,5,ERP
2026-01-14,South,Retail,646.72,87.63,6,POS
2026-01-18,South,Retail,836.52,219.09,8,POS
2026-04-19,South,Commercial,1251.58,341.04,14,ERP
2026-02-25,West,Wealth,874.57,180.69,5,ERP
2026-06-17,West,Wealth,974.51,238.42,1,ERP
2026-06-26,East,Retail,1078.26,279.4,11,POS
2026-01-31,South,Wealth,332.41,49.35,4,ERP
2026-03-06,East,Retail,892.81,196.48,7,POS
2026-05-18,East,Retail,1034.87,300.4,8,POS
2026-01-18,North,Commercial,1442.54,301.74,16,ERP
2026-01-26,South,Commercial,1487.45,417.92,15,ERP
2026-01-17,East,Commercial,1734.67,371.98,12,ERP
2026-01-19,North,Wealth,663.0,149.1,5,ERP
2026-06-11,West,Retail,2059.38,654.97,7,POS
2026-02-22,West,Wealth,784.1,137.04,4,ERP
2026-04-06,East,Retail,938.68,212.46,12,POS
2026-05-05,South,Wealth,288.84,43.24,6,ERP
2026-06-28,South,Wealth,748.35,210.02,5,ERP
2026-05-18,West,Wealth,1021.1,129.32,8,ERP
2026-06-29,South,Commercial,1509.18,452.06,14,ERP
2026-06-04,West,Wealth,838.2,116.4,7,ERP
2026-02-16,East,Wealth,719.43,124.18,5,ERP
2026-03-21,South,Retail,907.91,242.12,7,POS
2026-03-23,West,Retail,1480.84,433.58,7,POS
2026-06-23,North,Commercial,1620.43,373.78,13,ERP
2026-04-24,West,Wealth,906.0,153.71,5,ERP
2026-05-22,North,Commercial,1897.04,317.47,13,ERP
2026-03-09,South,Retail,862.56,151.96,8,POS
2026-06-02,West,Retail,1465.86,423.87,6,POS
2026-02-18,West,Wealth,1440.21,422.29,6,ERP
2026-01-09,West,Wealth,1019.13,137.2,6,ERP
2026-06-28,East,Wealth,860.94,265.38,7,ERP
2026-05-05,West,Wealth,1163.23,238.64,7,ERP
2026-05-07,West,Wealth,858.05,243.79,5,ERP
2026-05-06,South,Retail,674.44,182.85,4,POS
2026-06-30,South,Retail,424.68,69.24,7,POS
2026-03-16,East,Retail,756.09,183.1,10,POS
2026-05-15,North,Wealth,845.76,125.59,4,ERP
2026-05-15,East,Retail,1114.34,251.89,7,POS
2026-03-15,East,Retail,1315.25,224.8,6,POS
2026-06-09,North,Retail,1114.6,200.97,7,POS
2026-02-02,West,Wealth,933.67,276.4,4,ERP
2026-04-14,South,Wealth,651.53,115.01,6,ERP
2026-03-23,East,Wealth,844.62,256.51,6,ERP
2026-05-31,East,Retail,1035.76,299.34,9,POS
2026-03-16,West,Commercial,2453.91,487.13,8,ERP
2026-05-22,East,Retail,1194.45,179.02,8,POS
2026-05-15,West,Commercial,2985.28,462.78,12,ERP
2026-05-16,West,Commercial,2271.39,708.65,9,ERP
2026-01-18,West,Retail,1244.14,208.8,8,POS
2026-04-10,North,Wealth,761.24,151.33,6,ERP
2026-02-16,West,Wealth,820.65,168.82,4,ERP
2026-06-04,South,Commercial,1106.6,343.67,14,ERP
2026-01-16,South,Wealth,761.45,215.03,4,ERP
2026-01-21,East,Retail,698.49,207.25,10,POS
2026-03-02,West,Commercial,3033.92,619.46,12,ERP
2026-01-04,South,Commercial,1276.98,246.24,15,ERP
2026-04-30,South,Commercial,1543.22,447.43,8,ERP
2026-04-06,West,Wealth,1134.2,333.64,3,ERP
2026-03-13,North,Commercial,1523.31,351.59,16,ERP
2026-06-24,West,Commercial,1942.78,464.65,17,ERP
2026-03-09,North,Commercial,1071.88,306.81,14,ERP
2026-01-04,North,Retail,924.7,173.85,9,POS
2026-05-22,North,Wealth,709.66,202.11,4,ERP
2026-02-15,North,Wealth,539.13,132.59,7,ERP
2026-04-14,West,Wealth,1296.04,162.88,6,ERP
2026-05-22,South,Commercial,1256.16,342.96,14,ERP
2026-03-19,East,Wealth,549.11,89.2,3,ERP
2026-02-24,West,Wealth,921.37,185.32,6,ERP
2026-06-26,West,Commercial,2661.53,593.52,14,ERP
2026-05-24,North,Commercial,758.0,230.42,10,ERP
2026-04-28,South,Commercial,1564.71,488.93,6,ERP
2026-06-20,South,Wealth,433.14,74.19,4,ERP
2026-03-03,West,Wealth,644.63,156.39,5,ERP
2026-01-15,South,Commercial,1552.19,258.09,9,ERP
2026-02-22,South,Commercial,1493.58,288.89,18,ERP
2026-05-20,West,Wealth,1125.96,276.87,6,ERP
2026-01-05,South,Retail,1080.54,303.86,7,POS
2026-01-17,West,Wealth,890.15,240.82,4,ERP
2026-05-12,West,Retail,1505.72,391.89,8,POS
2026-04-18,South,Commercial,1742.8,519.24,16,ERP
2026-05-23,West,Wealth,1162.42,160.15,6,ERP
2026-01-27,East,Retail,1168.86,192.18,10,POS
2026-03-07,South,Wealth,612.49,185.52,4,ERP
2026-06-11,West,Commercial,2703.14,764.63,11,ERP
2026-04-27,East,Retail,954.66,298.09,8,POS
2026-02-18,North,Commercial,1530.25,199.24,14,ERP
2026-04-21,North,Commercial,856.04,130.31,10,ERP
2026-02-12,South,Wealth,544.99,98.14,5,ERP
2026-01-15,West,Commercial,1880.35,335.02,8,ERP
2026-02-06,East,Commercial,-1557.47,490.65,14,ERP
2026-05-30,North,Retail,1073.96,208.12,8,POS
2026-01-21,South,Wealth,641.41,132.44,3,ERP
2026-02-09,East,Commercial,1762.9,336.06,20,ERP
2026-01-06,West,Commercial,1748.72,366.26,5,ERP
2026-05-14,East,Retail,1311.72,208.02,7,POS
2026-06-10,West,Commercial,3070.36,428.37,14,ERP
2026-06-05,North,Wealth,710.94,166.76,4,ERP
2026-02-09,West,Commercial,2264.68,367.79,9,ERP
2026-06-11,North,Retail,748.51,104.19,8,POS
2026-06-27,North,Retail,1052.09,301.78,10,POS
2026-05-23,North,Wealth,811.13,122.74,3,ERP
2026-02-06,South,Commercial,980.21,253.57,16,ERP
2026-03-11,East,Retail,1298.58,318.99,8,POS
2026-04-14,West,Retail,1507.86,243.97,11,POS
2026-02-19,South,Commercial,1313.02,283.96,14,ERP
2026-06-30,West,Commercial,2263.08,723.16,13,ERP
2026-03-09,West,Wealth,777.06,238.69,5,ERP
2026-02-01,South,Wealth,407.96,66.66,2,ERP
2026-01-06,North,Commercial,1137.14,314.37,6,ERP
2026-02-17,East,Commercial,2106.12,577.99,15,ERP
2026-02-15,East,Retail,830.26,112.86,5,POS
2026-05-12,North,Wealth,676.51,100.84,2,ERP
2026-01-12,South,Wealth,556.11,111.17,6,ERP
2026-01-23,West,Wealth,997.01,283.7,3,ERP
2026-05-08,North,Commercial,1926.86,311.36,9,ERP
2026-02-03,West,Retail,1218.48,316.08,5,POS
2026-03-08,South,Commercial,1178.69,155.44,12,ERP
2026-02-27,North,Retail,776.78,188.96,10,POS
,West,Retail,1383.3,440.07,7,POS
2026-04-26,East,Retail,1026.08,288.05,7,POS
2026-06-23,East,Commercial,1442.63,185.39,11,ERP
2026-01-22,East,Wealth,690.79,207.04,7,ERP
2026-05-26,North,Retail,971.23,214.43,10,POS
2026-02-02,South,Wealth,592.56,76.04,5,ERP
2026-01-24,East,Wealth,641.61,204.35,6,ERP
2026-04-03,East,Retail,885.71,135.32,10,POS
2026-01-02,South,Wealth,541.68,141.0,5,ERP
2026-06-08,East,Wealth,654.98,94.63,5,ERP
2026-03-27,West,Commercial,1760.38,394.8,17,ERP
2026-01-18,East,Commercial,1814.78,569.0,13,ERP
2026-02-03,South,Retail,860.29,176.15,9,POS
2026-06-16,West,Commercial,2348.14,312.53,17,ERP
2026-05-08,East,Retail,695.11,185.42,8,POS
2026-05-12,East,Retail,1029.81,301.6,8,POS
2026-01-04,North,Commercial,1445.3,217.16,12,ERP
2026-03-29,South,Retail,790.49,187.18,6,POS
2026-03-29,West,Wealth,827.81,165.84,3,ERP
2026-02-13,West,Retail,1495.32,455.01,8,POS
2026-04-19,South,Wealth,700.25,221.08,7,ERP
2026-05-09,South,Commercial,1464.69,281.72,6,ERP
2026-06-24,East,Wealth,751.9,217.01,6,ERP
2026-05-21,South,Retail,973.51,262.12,7,POS
2026-04-26,West,Commercial,1608.55,365.83,13,ERP
2026-05-06,North,Retail,990.65,193.11,9,POS
2026-05-15,North,Retail,1188.74,222.77,6,POS
2026-01-24,North,Commercial,986.16,138.52,4,ERP
2026-06-27,East,Retail,1096.74,325.85,8,POS
2026-02-04,South,Commercial,1283.69,333.63,14,ERP
2026-01-19,South,Retail,676.2,111.38,7,POS
2026-02-04,North,Commercial,1173.23,327.75,13,ERP
2026-02-20,North,Commercial,1601.12,210.3,14,ERP
2026-02-18,North,Wealth,427.85,90.56,4,ERP
2026-05-12,South,Retail,686.41,190.96,10,POS
2026-06-22,East,Commercial,1597.26,375.84,15,ERP
2026-04-16,East,Retail,1285.77,284.91,9,POS
2026-06-22,South,Retail,831.5,255.96,8,POS
2026-04-25,South,Commercial,1313.61,416.2,14,ERP
2026-01-25,North,Wealth,678.35,135.03,5,ERP
2026-04-10,North,Retail,1039.46,320.93,9,POS
2026-05-14,West,Wealth,625.87,86.32,4,ERP
2026-02-08,West,Commercial,1922.45,531.29,12,ERP
2026-04-09,South,Commercial,1522.79,298.61,8,ERP
2026-02-06,West,Wealth,992.74,168.29,6,ERP
2026-02-12,West,Commercial,1894.88,553.95,10,ERP
2026-01-03,North,Retail,580.23,164.7,6,POS
2026-04-17,South,Commercial,1740.96,417.51,18,ERP
2026-05-30,East,Wealth,689.24,83.0,5,ERP
2026-06-20,West,Wealth,848.58,171.28,3,ERP
2026-03-24,South,Retail,738.62,169.71,5,POS
,East,Retail,938.21,291.66,8,POS
2026-06-16,East,Commercial,1979.16,283.33,8,ERP
2026-04-20,East,Retail,872.53,264.62,6,POS
2026-01-14,South,Commercial,1385.95,372.33,14,ERP
2026-06-07,North,Wealth,675.61,108.72,3,ERP
2026-04-25,West,Commercial,-1326.65,306.4,14,ERP
2026-02-24,West,Retail,1600.36,206.5,5,POS
2026-05-07,East,Retail,901.06,260.92,11,POS
2026-01-29,North,Retail,758.07,96.55,7,POS
2026-06-13,North,Wealth,903.98,112.28,7,ERP
2026-04-23,West,Retail,1331.24,343.33,9,POS
2026-03-25,South,Commercial,694.85,115.96,7,ERP
2026-01-20,South,Wealth,587.5,119.5,6,ERP
2026-04-30,East,Commercial,1564.0,338.36,13,ERP
2026-02-20,West,Commercial,2177.72,665.37,13,ERP
2026-03-27,North,Wealth,715.3,94.1,7,ERP
2026-05-23,East,Commercial,1036.54,175.05,12,ERP
2026-05-24,South,Retail,978.72,214.46,10,POS
2026-06-17,South,Retail,804.23,190.88,6,POS
2026-06-15,West,Retail,1044.92,257.41,9,POS
2026-06-21,West,Commercial,2421.08,499.93,10,ERP
2026-02-02,East,Wealth,865.86,249.32,5,ERP
2026-03-15,East,Commercial,1812.15,521.23,16,ERP
2026-06-30,East,Wealth,544.98,79.73,5,ERP
2026-01-23,West,Commercial,1221.64,191.29,13,ERP
2026-06-23,West,Commercial,2430.18,368.98,13,ERP
2026-02-26,North,Wealth,616.62,101.32,6,ERP
2026-01-24,South,Wealth,358.48,69.71,3,ERP
2026-01-14,North,Commercial,1739.02,341.74,12,ERP
2026-03-23,North,Retail,879.52,277.87,3,POS
2026-01-09,South,Commercial,1272.04,293.6,12,ERP
2026-06-14,North,Commercial,1167.11,214.21,14,ERP
2026-03-13,North,Wealth,-690.81,98.51,7,ERP
2026-04-15,South,Retail,855.8,132.68,8,POS
2026-04-17,South,Wealth,685.3,217.49,5,ERP
2026-01-21,West,Wealth,943.57,124.58,5,ERP
2026-02-17,South,Commercial,1360.89,434.71,13,ERP
2026-06-10,West,Retail,1492.64,429.76,9,POS
2026-03-03,East,Commercial,1730.76,455.35,9,ERP
2026-06-09,East,Retail,950.74,120.53,7,POS
2026-02-07,East,Retail,1069.85,316.69,11,POS
2026-03-17,East,Retail,1101.09,271.89,5,POS
2026-05-02,South,Retail,719.5,190.59,9,POS
2026-06-05,West,Wealth,1147.6,181.31,7,ERP
2026-05-19,East,Commercial,1207.67,377.28,14,ERP
2026-06-04,East,Wealth,796.74,222.88,5,ERP
2026-04-06,North,Retail,994.18,210.35,9,POS
2026-01-24,South,Retail,835.5,149.33,7,POS
2026-02-03,West,Wealth,733.84,208.35,7,ERP
2026-05-15,West,Wealth,1064.15,202.4,6,ERP
2026-05-07,North,Wealth,757.2,123.29,2,ERP
2026-05-21,South,Wealth,480.03,153.03,2,ERP
2026-03-23,West,Wealth,1323.74,161.34,8,ERP
2026-01-24,East,Retail,1042.6,176.27,9,POS
2026-02-08,West,Wealth,1127.42,158.08,4,ERP
2026-03-04,East,Retail,1089.33,321.42,9,POS
2026-03-05,East,Retail,1156.12,305.79,9,POS
2026-02-03,North,Commercial,1654.6,293.65,8,ERP
2026-02-28,North,Retail,746.2,117.04,8,POS
2026-05-06,East,Wealth,656.38,186.27,8,ERP
2026-06-29,East,Wealth,777.19,95.72,3,ERP
2026-01-14,West,Wealth,896.68,250.66,5,ERP
2026-01-19,West,Commercial,2081.73,314.08,14,ERP
2026-05-17,North,Commercial,1919.03,449.73,12,ERP
2026-03-06,South,Retail,751.58,143.02,5,POS
2026-01-28,North,Retail,853.36,211.03,7,POS
2026-01-30,North,Retail,694.81,126.82,6,POS
2026-01-30,West,Retail,1883.19,463.18,11,POS
2026-06-13,East,Wealth,757.14,167.18,3,ERP
2026-01-11,East,Wealth,795.05,97.85,5,ERP
2026-05-08,South,Wealth,602.93,83.49,4,ERP
2026-03-10,South,Wealth,637.03,171.02,3,ERP
2026-02-06,West,Retail,1472.37,233.1,7,POS
2026-06-11,North,Wealth,607.06,78.08,3,ERP
2026-03-10,West,Commercial,3437.27,928.37,13,ERP
2026-04-02,South,Retail,867.27,240.71,6,POS
2026-06-15,South,Retail,993.28,130.21,8,POS
2026-02-06,East,Wealth,712.99,222.79,4,ERP
2026-02-25,South,Commercial,1504.57,272.45,11,ERP
2026-06-24,East,Retail,1353.53,344.39,13,POS
2026-01-11,East,Commercial,1419.73,268.9,12,ERP
2026-06-06,East,Commercial,1436.25,379.95,16,ERP
2026-04-07,West,Commercial,2277.53,496.07,12,ERP
2026-06-14,East,Retail,931.54,180.92,12,POS
2026-03-06,North,Commercial,1615.38,472.1,6,ERP
2026-04-11,West,Commercial,1754.29,445.8,13,ERP
2026-06-06,East,Retail,1149.6,244.06,9,POS
2026-04-25,East,Wealth,662.55,102.12,5,ERP
2026-01-16,East,Retail,1001.59,144.24,4,POS
2026-04-26,South,Commercial,1086.1,133.07,15,ERP
2026-03-04,North,Commercial,1781.16,351.1,15,ERP
2026-04-15,South,Commercial,1064.92,299.13,18,ERP
2026-05-26,East,Commercial,1501.03,292.31,13,ERP
2026-02-27,West,Wealth,1062.72,140.71,4,ERP
2026-04-21,South,Retail,1020.54,308.98,7,POS
2026-05-07,South,Wealth,633.4,84.58,6,ERP
2026-02-26,South,Retail,678.64,160.93,7,POS
2026-06-05,West,Commercial,2677.28,401.01,10,ERP
2026-05-17,West,Commercial,2598.96,370.97,14,ERP
2026-01-27,North,Commercial,1447.69,433.52,17,ERP
2026-03-31,South,Commercial,1484.84,301.33,5,ERP
2026-04-17,North,Commercial,1870.26,374.13,13,ERP
2026-01-15,North,Retail,778.26,126.05,8,POS
2026-03-04,South,Commercial,1428.83,239.24,15,ERP
2026-01-29,North,Commercial,1503.61,462.03,14,ERP
2026-02-04,East,Retail,965.26,157.64,5,POS
2026-06-17,South,Commercial,1913.79,593.95,11,ERP
2026-05-26,West,Retail,1685.37,508.61,7,POS
2026-03-22,South,Retail,763.57,160.82,5,POS
2026-01-06,East,Retail,916.21,151.51,9,POS
2026-05-12,North,Retail,1169.27,241.47,7,POS
2026-04-24,North,Retail,855.21,251.37,6,POS
2026-02-24,South,Commercial,1494.02,422.82,6,ERP
2026-02-25,South,Wealth,545.23,130.23,5,ERP
2026-03-27,South,Commercial,1275.3,365.79,14,ERP
2026-03-24,South,Commercial,1102.48,325.03,4,ERP
2026-05-24,East,Retail,1381.84,440.49,9,POS
2026-02-11,South,Retail,800.59,193.69,7,POS
2026-06-30,North,Retail,1173.45,203.27,6,POS
2026-01-07,North,Retail,951.36,162.08,6,POS
2026-05-28,North,Retail,1033.03,148.62,6,POS
2026-06-30,South,Commercial,1707.18,311.79,13,ERP
2026-04-09,South,Retail,490.72,122.56,10,POS
2026-01-01,South,Wealth,592.62,95.53,5,ERP
2026-04-13,North,Retail,1063.74,128.38,6,POS
2026-03-02,North,Retail,697.33,126.46,9,POS
2026-01-26,West,Commercial,1432.54,457.44,16,ERP
2026-02-17,North,Wealth,725.47,139.7,7,ERP
2026-04-10,South,Wealth,691.81,190.75,3,ERP
2026-03-07,East,Wealth,851.25,199.22,8,ERP
2026-02-07,East,Wealth,641.42,135.2,3,ERP
2026-04-23,East,Retail,1451.76,239.91,8,POS
2026-04-21,West,Wealth,1120.12,332.96,5,ERP
2026-02-26,South,Commercial,1539.1,449.99,13,ERP
2026-01-14,North,Retail,885.78,237.36,6,POS
2026-04-13,West,Commercial,2018.09,269.34,11,ERP
2026-04-10,East,Wealth,497.05,155.29,8,ERP
2026-03-28,East,Retail,1005.21,250.94,9,POS
2026-02-27,East,Commercial,1811.9,565.06,14,ERP
2026-04-12,East,Commercial,1934.73,257.69,14,ERP
2026-02-02,North,Commercial,1428.1,259.27,8,ERP
2026-06-05,South,Retail,824.73,178.13,6,POS
2026-01-02,South,Commercial,1576.95,338.76,6,ERP
2026-02-02,South,Retail,894.21,112.12,7,POS
2026-02-16,East,Commercial,1141.46,321.32,8,ERP
2026-02-20,East,Wealth,622.45,116.99,4,ERP
2026-04-19,West,Retail,972.51,214.43,6,POS
2026-05-06,West,Retail,1596.87,246.82,6,POS
2026-05-19,North,Retail,833.65,128.01,7,POS
2026-05-07,East,Wealth,776.34,194.47,3,ERP
2026-01-27,East,Wealth,736.14,147.19,6,ERP
2026-01-11,South,Wealth,638.04,157.72,3,ERP
2026-03-24,East,Commercial,1869.66,554.6,20,ERP
2026-04-30,South,Wealth,714.06,114.01,4,ERP
2026-01-16,North,Commercial,1252.95,162.45,13,ERP
2026-06-04,East,Retail,1102.23,238.61,10,POS
2026-06-18,South,Commercial,1542.78,185.44,10,ERP
2026-02-11,West,Commercial,2505.77,433.24,10,ERP
2026-02-06,North,Retail,1058.94,335.44,9,POS
2026-01-05,West,Commercial,2354.65,407.24,14,ERP
2026-04-17,West,Retail,1620.39,396.86,8,POS
2026-04-03,West,Commercial,2083.27,519.49,12,ERP
2026-02-11,East,Wealth,730.73,210.56,5,ERP
2026-03-21,West,Retail,1556.13,422.21,7,POS
2026-01-08,East,Retail,850.07,190.13,7,POS
2026-06-27,North,Commercial,1449.24,366.74,15,ERP
2026-06-11,East,Wealth,793.52,126.01,7,ERP
2026-03-30,East,Commercial,2063.89,601.27,8,ERP
2026-01-06,West,Retail,1486.53,255.44,8,POS
2026-03-24,West,Retail,1550.5,241.56,9,POS
2026-03-26,South,Retail,666.34,199.11,5,POS
2026-01-06,North,Wealth,630.11,98.11,4,ERP
2026-04-08,South,Retail,1015.57,256.16,7,POS
2026-02-01,West,Retail,1441.89,319.22,10,POS
2026-06-14,East,Wealth,994.59,251.14,4,ERP
2026-01-26,East,Retail,1005.61,302.01,8,POS
2026-01-14,East,Wealth,699.32,121.06,6,ERP
2026-06-03,East,Wealth,808.11,160.99,7,ERP
2026-03-23,South,Retail,866.65,122.17,10,POS
2026-02-19,South,Retail,827.47,152.9,7,POS
2026-06-04,East,Commercial,1528.48,249.98,15,ERP
2026-02-05,South,Commercial,1441.92,396.08,15,ERP
2026-06-18,North,Commercial,1523.06,426.91,12,ERP
2026-06-17,East,Retail,859.21,194.77,8,POS
2026-04-06,East,Wealth,787.42,226.52,4,ERP
2026-05-12,West,Wealth,866.85,223.77,6,ERP
2026-01-26,North,Retail,1104.28,274.01,8,POS
2026-03-25,East,Retail,1190.88,288.41,7,POS
2026-01-28,South,Commercial,1758.46,468.48,4,ERP
2026-06-23,West,Wealth,860.17,256.2,7,ERP
2026-03-31,East,Commercial,1772.68,424.13,11,ERP
2026-04-26,South,Retail,870.6,268.05,5,POS
2026-03-13,West,Wealth,805.78,163.8,6,ERP
2026-06-16,South,Wealth,387.51,90.42,4,ERP
2026-05-26,South,Wealth,561.0,112.43,6,ERP
2026-06-11,West,Wealth,949.44,303.35,4,ERP
2026-02-11,South,Wealth,700.1,151.88,5,ERP
2026-06-05,South,Wealth,727.64,194.0,7,ERP
2026-05-20,West,Commercial,2290.1,368.51,13,ERP
2026-05-16,North,Commercial,1482.02,432.06,11,ERP
2026-02-19,North,Commercial,1758.07,541.27,17,ERP
2026-04-16,South,Commercial,1608.42,342.18,7,ERP
2026-04-20,South,Retail,826.64,152.83,9,POS
2026-06-13,East,Commercial,1838.62,257.24,13,ERP
2026-03-28,South,Commercial,1679.95,357.0,13,ERP
2026-05-14,South,Retail,949.5,229.64,9,POS
2026-02-22,East,Wealth,914.12,184.31,6,ERP
2026-01-13,North,Wealth,414.83,116.54,5,ERP
2026-01-29,East,Retail,1207.94,211.39,11,POS
2026-03-25,South,Wealth,472.58,92.52,3,ERP
2026-05-09,West,Retail,975.69,271.02,7,POS
2026-05-10,West,Retail,895.27,268.66,7,POS
2026-03-20,North,Wealth,714.64,150.53,1,ERP
2026-02-07,North,Commercial,1075.21,282.38,15,ERP
2026-02-17,North,Retail,1079.13,232.36,6,POS
2026-04-15,North,Commercial,1418.43,271.03,10,ERP
2026-03-10,East,Commercial,1514.6,346.26,13,ERP
2026-01-01,North,Commercial,1930.77,343.53,14,ERP
2026-06-14,South,Commercial,1571.5,343.53,14,ERP
2026-03-05,South,Wealth,607.94,152.9,4,ERP
2026-04-16,East,Commercial,1804.52,224.2,15,ERP
2026-04-02,West,Commercial,1326.71,183.88,12,ERP
2026-01-30,West,Commercial,1553.07,268.6,16,ERP
2026-06-16,North,Retail,1038.04,306.95,7,POS
2026-03-06,South,Commercial,1051.23,273.16,15,ERP
2026-01-23,South,Wealth,438.44,111.72,6,ERP
2026-02-27,West,Commercial,2173.81,289.9,10,ERP
2026-01-17,East,Wealth,641.19,171.71,6,ERP
2026-03-30,East,Retail,1005.78,181.94,8,POS
2026-06-17,West,Commercial,2861.97,659.55,13,ERP
2026-03-29,North,Retail,1013.25,274.25,8,POS
2026-04-07,North,Commercial,1181.29,332.45,14,ERP
2026-01-30,East,Wealth,695.87,220.46,7,ERP
2026-01-04,South,Retail,939.92,140.72,6,POS
2026-04-29,West,Commercial,2256.54,436.08,15,ERP
2026-05-28,East,Commercial,1966.15,570.84,10,ERP
2026-03-28,South,Retail,519.58,141.02,8,POS
2026-04-07,East,Retail,856.83,181.22,9,POS
2026-05-24,West,Commercial,3089.24,372.91,16,ERP
2026-02-02,North,Wealth,687.5,93.2,7,ERP
2026-04-04,East,Commercial,2051.91,458.85,13,ERP
2026-01-04,North,Wealth,716.64,89.65,6,ERP
2026-02-12,North,Wealth,599.25,107.77,6,ERP
2026-02-22,South,Wealth,628.52,150.2,6,ERP
2026-01-09,North,Wealth,693.64,154.77,6,ERP
2026-03-31,North,Commercial,1422.07,230.67,10,ERP
2026-06-10,South,Wealth,435.43,76.1,7,ERP
2026-06-16,West,Wealth,870.11,190.03,5,ERP
2026-06-03,South,Wealth,526.55,79.41,6,ERP
2026-04-08,East,Commercial,1195.56,203.44,14,ERP
2026-06-03,South,Commercial,1224.84,308.17,17,ERP
2026-02-28,East,Wealth,621.23,180.1,7,ERP
2026-06-04,South,Retail,976.48,276.38,5,POS
2026-01-31,North,Retail,760.93,189.56,7,POS
2026-04-09,East,Wealth,822.56,195.37,5,ERP
2026-04-12,West,Wealth,1134.04,256.7,8,ERP
2026-03-21,East,Commercial,1808.81,483.95,14,ERP
2026-01-02,North,Commercial,1223.3,286.99,8,ERP
2026-02-23,West,Wealth,1074.5,197.92,3,ERP
2026-03-12,East,Retail,1141.79,238.21,9,POS
2026-05-03,North,Commercial,2003.81,592.04,18,ERP
2026-01-31,West,Wealth,1164.87,196.53,8,ERP
2026-06-07,East,Commercial,1929.19,373.86,11,ERP
2026-05-29,North,Wealth,720.72,121.6,8,ERP
2026-02-03,North,Retail,1102.76,272.2,5,POS
2026-04-23,West,Wealth,1140.79,326.79,5,ERP
2026-04-04,East,Retail,1090.03,188.4,6,POS
2026-06-10,East,Wealth,775.47,122.0,7,ERP
,East,Retail,877.89,234.47,9,POS
2026-01-25,West,Retail,1470.34,252.88,6,POS
2026-04-19,West,Commercial,1867.09,522.6,9,ERP
2026-06-24,South,Wealth,398.06,48.56,8,ERP
2026-06-28,North,Retail,1303.02,358.13,10,POS
2026-03-26,West,Retail,1319.6,297.24,6,POS
2026-05-20,North,Wealth,722.02,166.52,5,ERP
2026-03-30,North,Commercial,1163.49,224.72,13,ERP
2026-04-01,West,Wealth,956.72,226.18,6,ERP
2026-05-17,South,Retail,1002.93,310.91,6,POS
2026-05-19,South,Retail,912.05,139.02,5,POS
2026-02-25,West,Commercial,1660.64,320.31,14,ERP
2026-05-18,South,Commercial,1477.35,446.93,10,ERP
2026-01-26,South,Retail,763.71,233.01,10,POS
2026-06-28,North,Commercial,1654.37,231.6,8,ERP
2026-03-02,South,Wealth,733.25,148.28,5,ERP
2026-03-13,East,Commercial,1841.08,548.64,14,ERP
2026-06-11,East,Retail,923.93,213.99,5,POS
2026-01-10,South,Wealth,492.03,150.23,7,ERP
2026-05-29,North,Retail,937.22,180.55,9,POS
2026-02-19,South,Wealth,614.32,91.31,6,ERP
2026-03-19,North,Commercial,1183.38,221.95,15,ERP
2026-05-21,South,Commercial,1414.93,272.86,14,ERP
2026-03-18,West,Wealth,995.97,179.57,6,ERP
2026-02-01,West,Commercial,1697.39,262.97,8,ERP
2026-06-20,West,Retail,1897.92,262.41,9,POS
2026-03-15,West,Retail,1329.73,351.52,3,POS
2026-03-29,East,Retail,1338.65,308.92,8,POS
2026-06-19,North,Wealth,735.92,102.76,4,ERP
2026-05-07,West,Commercial,1742.38,255.64,16,ERP
2026-04-02,West,Wealth,636.9,152.57,5,ERP
2026-05-18,East,Wealth,563.48,149.79,6,ERP
2026-05-19,East,Wealth,857.95,220.3,5,ERP
2026-03-29,South,Commercial,1806.76,531.89,12,ERP
2026-05-12,South,Commercial,1105.97,207.94,10,ERP
2026-01-03,West,Wealth,1090.47,167.51,5,ERP
2026-01-03,West,Commercial,2000.28,507.53,15,ERP
2026-04-16,West,Commercial,3164.78,882.82,12,ERP
2026-05-09,West,Commercial,2144.97,576.92,14,ERP
2026-02-20,West,Retail,1322.14,348.31,7,POS
2026-03-25,West,Commercial,1898.3,282.11,14,ERP
2026-03-18,South,Retail,828.94,103.3,9,POS
2026-05-21,West,Wealth,996.98,202.53,5,ERP
2026-02-01,North,Wealth,572.6,150.21,3,ERP
2026-04-14,North,Retail,1033.73,329.9,11,POS
2026-01-26,North,Wealth,537.49,80.18,6,ERP
2026-01-12,North,Commercial,1254.35,392.78,12,ERP
2026-04-12,South,Retail,747.59,164.56,5,POS
2026-06-09,South,Wealth,784.24,159.49,7,ERP
2026-01-31,East,Commercial,1947.14,390.19,8,ERP
2026-06-28,West,Commercial,2535.87,414.6,11,ERP
2026-06-23,North,Retail,729.85,207.27,11,POS
2026-05-27,East,Retail,1129.7,182.42,4,POS
2026-06-24,North,Wealth,747.09,134.28,7,ERP
2026-02-15,East,Wealth,817.19,107.83,4,ERP
2026-01-03,East,Wealth,735.69,154.38,5,ERP
2026-02-13,North,Retail,946.16,260.11,8,POS
2026-04-27,South,Retail,876.78,273.6,9,POS
2026-04-26,North,Retail,1015.49,304.97,10,POS
2026-05-07,North,Retail,1358.07,311.75,9,POS
2026-03-06,North,Wealth,733.04,92.3,6,ERP
2026-06-19,South,Retail,863.46,184.21,11,POS
2026-05-24,North,Wealth,827.05,180.04,6,ERP
2026-04-06,South,Wealth,746.81,214.52,6,ERP
2026-05-30,North,Commercial,1297.69,230.8,14,ERP
2026-06-02,North,Commercial,1783.56,318.39,14,ERP
2026-02-15,North,Retail,780.03,162.05,9,POS
2026-03-16,North,Wealth,825.84,154.23,5,ERP
2026-03-28,North,Commercial,1402.16,188.11,10,ERP
2026-04-16,North,Retail,1168.79,311.46,7,POS
2026-01-02,North,Wealth,699.79,181.29,4,ERP
2026-03-31,East,Retail,810.82,105.24,9,POS
2026-03-02,South,Commercial,1321.4,299.03,17,ERP
2026-03-15,South,Retail,621.32,174.99,7,POS
2026-06-09,South,Retail,988.38,134.71,9,POS
2026-03-30,West,Retail,2120.04,370.87,8,POS
2026-06-28,East,Retail,1040.55,324.14,9,POS
2026-03-19,North,Wealth,784.12,101.22,6,ERP
2026-03-11,South,Commercial,1353.71,390.09,12,ERP
2026-04-16,South,Wealth,832.33,188.8,6,ERP
2026-03-15,West,Commercial,2724.78,381.28,13,ERP
2026-04-04,South,Retail,1082.56,279.7,8,POS
2026-04-30,North,Commercial,1776.95,438.76,8,ERP
2026-02-02,North,Retail,820.53,170.21,4,POS
2026-02-19,East,Retail,1168.36,222.46,8,POS
2026-06-12,South,Commercial,1709.13,281.54,17,ERP
2026-02-07,West,Retail,1545.14,310.48,10,POS
2026-02-27,South,Commercial,1424.87,419.15,11,ERP
2026-03-23,South,Wealth,632.73,137.6,5,ERP
2026-01-05,South,Wealth,466.09,58.63,5,ERP
2026-02-08,North,Retail,989.88,196.49,10,POS
2026-06-05,North,Retail,1061.63,241.61,5,POS
2026-05-26,North,Commercial,1238.59,194.57,15,ERP
2026-03-17,North,Wealth,551.3,72.82,5,ERP
2026-06-29,East,Commercial,1972.35,514.43,12,ERP
2026-04-22,North,Wealth,706.01,135.77,5,ERP
2026-05-29,North,Commercial,1730.65,549.1,11,ERP
2026-03-24,North,Wealth,656.4,169.11,5,ERP
2026-06-28,North,Wealth,783.04,216.68,5,ERP
2026-02-16,North,Commercial,1542.86,442.25,12,ERP
2026-03-20,East,Wealth,642.39,119.59,4,ERP
2026-03-04,East,Wealth,800.2,125.88,6,ERP
2026-03-20,North,Retail,946.57,248.27,6,POS
2026-01-25,North,Commercial,1573.23,361.23,18,ERP
2026-01-10,West,Commercial,2736.92,860.32,12,ERP
2026-04-01,South,Wealth,870.51,196.1,5,ERP
2026-01-07,South,Retail,913.62,193.35,6,POS
2026-04-24,West,Commercial,2340.65,452.32,10,ERP
2026-03-14,East,Retail,755.96,111.4,6,POS
2026-06-07,East,Wealth,1098.35,134.72,2,ERP
2026-03-26,South,Wealth,690.88,99.91,3,ERP
2026-01-09,North,Commercial,656.97,188.21,13,ERP
2026-06-14,North,Wealth,864.36,243.57,6,ERP
2026-03-30,West,Wealth,1104.37,245.39,4,ERP
2026-02-14,West,Commercial,1373.54,287.47,9,ERP
2026-05-13,East,Commercial,2207.97,475.56,10,ERP
2026-03-28,North,Wealth,672.25,151.37,4,ERP
2026-02-05,South,Wealth,529.44,112.45,5,ERP
2026-02-22,East,Commercial,1796.04,288.19,8,ERP
2026-05-09,South,Retail,1040.0,239.49,12,POS
2026-02-21,South,Retail,1104.24,248.8,8,POS
2026-04-02,North,Retail,605.22,114.3,4,POS
2026-04-05,North,Commercial,1446.36,354.4,11,ERP
2026-06-11,South,Retail,1072.06,212.49,12,POS
2026-02-17,South,Wealth,542.24,133.69,6,ERP
2026-01-21,East,Commercial,1491.89,456.99,1,ERP
2026-01-29,North,Wealth,526.96,81.02,2,ERP
2026-01-09,West,Retail,778.17,224.11,6,POS
2026-01-10,North,Retail,672.81,92.78,6,POS
2026-03-19,West,Wealth,907.76,255.89,5,ERP
2026-05-06,West,Wealth,722.31,211.36,6,ERP
2026-03-29,East,Wealth,751.79,213.13,6,ERP
2026-05-10,East,Commercial,1777.12,362.63,15,ERP
2026-04-04,North,Wealth,691.16,218.81,7,ERP
2026-01-07,North,Commercial,1388.72,329.53,15,ERP
2026-03-09,East,Wealth,809.25,220.2,3,ERP
2026-03-29,East,Commercial,1759.07,252.64,7,ERP
2026-06-20,East,Commercial,1869.14,491.3,18,ERP
2026-03-07,North,Retail,926.6,191.79,6,POS
2026-06-25,East,Wealth,917.19,232.16,5,ERP
2026-01-12,East,Wealth,628.6,131.48,5,ERP
2026-03-22,North,Wealth,415.78,63.33,5,ERP
2026-05-29,West,Retail,1845.37,446.94,8,POS
2026-01-12,West,Retail,1121.37,146.76,9,POS
2026-06-15,East,Commercial,1287.75,355.36,16,ERP
2026-03-17,West,Commercial,3396.08,430.7,10,ERP
2026-01-19,East,Retail,954.09,260.43,5,POS
,South,Wealth,557.56,130.3,6,ERP
2026-02-11,North,Wealth,693.74,171.64,5,ERP
2026-02-21,West,Commercial,2273.16,679.69,12,ERP
2026-01-21,South,Retail,586.15,84.84,12,POS
2026-04-28,South,Wealth,625.8,187.43,6,ERP
2026-03-07,West,Retail,1269.64,181.62,7,POS
2026-03-10,North,Retail,674.84,169.06,4,POS
2026-04-25,West,Wealth,1105.97,297.33,6,ERP
2026-02-23,East,Wealth,565.33,127.82,5,ERP
2026-01-11,North,Commercial,842.17,118.96,13,ERP
2026-01-31,West,Commercial,2228.66,479.12,17,ERP
2026-01-29,East,Commercial,1664.26,366.88,11,ERP
2026-03-14,North,Retail,987.29,258.16,9,POS
2026-05-30,South,Wealth,703.55,131.63,4,ERP
2026-03-20,East,Commercial,1301.13,300.56,11,ERP
2026-06-25,South,Wealth,580.89,154.71,5,ERP
2026-06-18,South,Wealth,789.75,110.18,3,ERP
2026-04-27,North,Retail,1154.87,138.62,11,POS
2026-03-31,South,Wealth,548.92,165.32,4,ERP
2026-01-29,South,Retail,815.48,184.42,7,POS
2026-03-20,South,Wealth,490.34,94.39,3,ERP
2026-02-04,West,Commercial,2071.16,419.58,12,ERP
2026-04-18,North,Retail,1101.57,165.99,7,POS
2026-04-22,South,Commercial,1771.27,309.42,11,ERP
2026-05-04,West,Commercial,2394.11,515.64,15,ERP
2026-05-30,East,Retail,1243.85,336.51,8,POS
2026-01-08,South,Wealth,731.82,125.81,3,ERP
2026-04-26,West,Wealth,1012.85,244.08,7,ERP
2026-05-29,South,Retail,762.04,97.23,6,POS
2026-05-13,South,Commercial,1601.08,211.18,13,ERP
2026-02-19,East,Wealth,939.14,245.98,6,ERP
2026-05-04,North,Wealth,897.96,246.18,6,ERP
2026-04-24,East,Retail,1135.8,222.79,6,POS
2026-02-13,East,Commercial,1561.84,395.77,10,ERP
2026-02-16,West,Retail,1208.24,225.23,4,POS
2026-01-11,North,Wealth,680.63,149.06,4,ERP
2026-06-28,East,Commercial,1360.28,405.64,19,ERP
2026-03-11,South,Wealth,709.06,145.42,3,ERP
2026-01-03,South,Wealth,559.27,113.97,5,ERP
2026-05-03,West,Retail,1031.79,166.04,5,POS
2026-03-03,West,Commercial,2347.66,361.79,13,ERP
2026-01-09,East,Commercial,1858.21,468.36,16,ERP
2026-01-31,East,Retail,1047.77,259.47,8,POS
2026-06-28,South,Retail,895.77,230.15,6,POS
2026-03-18,West,Commercial,1719.96,310.42,14,ERP
2026-04-26,East,Wealth,563.15,88.05,7,ERP
2026-06-27,West,Commercial,2327.88,706.74,9,ERP
2026-02-25,North,Wealth,392.77,95.93,4,ERP
2026-06-23,East,Retail,1180.79,245.99,11,POS
2026-03-17,North,Retail,856.98,229.59,11,POS
2026-01-05,West,Retail,1037.01,142.25,8,POS
2026-03-21,East,Wealth,811.95,102.15,5,ERP
2026-01-20,East,Wealth,811.84,165.71,5,ERP
2026-03-24,West,Commercial,2116.12,566.36,11,ERP
2026-05-01,West,Wealth,1150.53,138.97,7,ERP
2026-04-21,East,Wealth,699.66,199.46,5,ERP
2026-04-04,West,Commercial,2710.03,753.96,11,ERP
2026-02-06,West,Commercial,1951.26,563.39,17,ERP
,West,Retail,1426.07,283.74,9,POS
2026-03-06,West,Retail,1183.05,234.23,7,POS
2026-01-06,North,Retail,733.68,100.48,5,POS
2026-01-09,West,Commercial,2204.16,459.4,14,ERP
2026-05-04,North,Commercial,1218.56,219.34,13,ERP
2026-05-15,West,Retail,1452.03,457.28,9,POS
2026-03-07,South,Commercial,1531.63,217.86,13,ERP
2026-04-12,West,Retail,1807.96,340.53,6,POS
2026-02-04,East,Commercial,1731.94,491.81,11,ERP
2026-01-24,South,Commercial,1389.4,437.1,14,ERP
2026-05-23,East,Wealth,851.9,157.48,6,ERP
2026-04-20,South,Commercial,1620.14,512.25,14,ERP
2026-01-16,East,Wealth,669.89,133.03,6,ERP
2026-03-09,West,Retail,1328.09,347.16,9,POS
2026-02-02,East,Retail,965.05,290.98,9,POS
2026-04-11,South,Commercial,991.88,244.78,6,ERP
2026-01-28,North,Commercial,1806.48,497.73,15,ERP
2026-04-23,North,Retail,1066.62,268.63,7,POS
2026-01-27,South,Retail,1066.99,153.16,8,POS
2026-01-09,South,Wealth,542.08,100.99,5,ERP
2026-05-01,West,Retail,1778.82,471.61,8,POS
2026-05-29,East,Wealth,712.05,115.75,5,ERP
2026-06-17,North,Commercial,1724.35,338.39,10,ERP
2026-01-19,East,Wealth,718.48,218.41,4,ERP
2026-04-06,South,Commercial,1833.54,369.0,10,ERP
2026-04-15,South,Wealth,561.41,79.35,5,ERP
2026-01-12,South,Retail,679.76,149.92,9,POS
2026-01-10,North,Wealth,870.46,214.91,7,ERP
2026-04-28,East,Wealth,-875.9,155.73,5,ERP
2026-03-05,East,Wealth,892.89,147.73,5,ERP
2026-03-08,North,Retail,768.83,234.97,9,POS
2026-04-18,East,Retail,1107.78,143.72,7,POS
2026-05-09,North,Commercial,1533.65,477.48,11,ERP
2026-04-14,West,Commercial,2662.57,605.51,7,ERP
2026-01-22,North,Wealth,593.06,71.61,6,ERP
2026-02-03,West,Commercial,2130.6,507.28,11,ERP
2026-01-20,North,Commercial,1419.02,228.52,9,ERP
2026-01-06,South,Commercial,1507.64,301.95,12,ERP
2026-02-09,North,Retail,790.46,181.53,8,POS
2026-01-28,West,Commercial,2004.6,488.68,13,ERP
2026-05-13,West,Wealth,806.29,155.36,5,ERP
2026-03-13,West,Commercial,2046.39,515.89,13,ERP
2026-03-28,West,Commercial,1922.43,247.57,10,ERP
2026-01-27,East,Commercial,1139.98,325.85,16,ERP
2026-04-14,East,Commercial,1398.95,331.53,9,ERP
2026-04-14,South,Retail,987.21,253.25,9,POS
2026-03-09,West,Commercial,2064.42,347.53,10,ERP
2026-03-03,East,Retail,1083.79,132.76,7,POS
2026-01-18,South,Commercial,1486.84,353.03,10,ERP
2026-05-04,East,Wealth,709.56,90.45,4,ERP
2026-05-27,North,Commercial,2339.87,526.37,14,ERP
2026-02-10,West,Commercial,1567.07,455.84,18,ERP
2026-03-28,West,Retail,1455.78,405.38,10,POS
2026-05-03,South,Retail,700.42,134.88,7,POS
2026-02-19,North,Wealth,605.27,144.23,4,ERP
2026-06-19,East,Wealth,729.66,212.99,5,ERP
2026-02-22,North,Retail,917.02,258.72,7,POS
2026-04-08,North,Retail,1118.49,218.48,6,POS
2026-05-23,West,Commercial,2119.29,283.77,11,ERP
2026-01-21,East,Wealth,661.45,203.18,6,ERP
2026-03-19,South,Retail,751.4,164.46,6,POS
2026-04-19,East,Wealth,820.33,118.48,4,ERP
2026-06-12,North,Retail,966.66,270.45,9,POS
2026-06-16,West,Retail,1457.6,286.72,7,POS
2026-04-15,East,Commercial,2412.57,638.14,10,ERP
2026-03-23,East,Commercial,1847.82,474.07,13,ERP
2026-03-14,South,Retail,911.7,245.33,7,POS
2026-05-23,East,Retail,994.36,180.68,6,POS
2026-01-25,South,Commercial,1463.35,295.53,17,ERP
2026-01-10,West,Retail,1100.39,146.2,6,POS
2026-05-31,South,Retail,891.97,146.23,7,POS
2026-05-14,South,Wealth,746.69,147.98,5,ERP
2026-06-01,East,Retail,1047.55,153.78,10,POS
2026-03-14,East,Commercial,1713.2,286.76,11,ERP
2026-05-09,South,Wealth,695.56,86.73,5,ERP
2026-05-12,West,Commercial,2746.66,524.11,12,ERP
2026-03-03,North,Wealth,905.86,214.27,6,ERP
2026-03-03,South,Wealth,650.41,194.98,4,ERP
2026-06-04,West,Commercial,2457.84,650.09,10,ERP
2026-03-03,North,Commercial,1351.55,266.43,15,ERP
2026-01-23,East,Wealth,773.45,209.28,6,ERP
2026-05-01,South,Wealth,555.64,87.61,6,ERP
2026-01-10,West,Wealth,1011.8,129.43,6,ERP
2026-01-01,North,Retail,755.88,238.29,7,POS
2026-06-16,South,Commercial,1497.89,279.15,8,ERP
2026-01-23,North,Wealth,880.43,152.3,2,ERP
2026-06-09,West,Retail,1070.04,187.51,9,POS
2026-03-24,East,Wealth,729.56,113.41,4,ERP
2026-05-27,South,Commercial,1552.96,337.82,7,ERP
2026-02-21,East,Commercial,1048.82,335.22,20,ERP
2026-05-04,South,Commercial,1985.06,258.54,17,ERP
2026-02-12,East,Wealth,656.21,131.73,8,ERP
2026-02-18,South,Wealth,654.26,152.37,5,ERP
2026-06-06,West,Retail,1908.92,561.38,10,POS
2026-04-01,North,Commercial,1442.31,330.5,11,ERP
2026-05-25,East,Wealth,738.69,193.86,4,ERP
2026-01-14,South,Wealth,516.23,63.23,7,ERP
2026-03-12,South,Commercial,1624.2,405.19,11,ERP
2026-01-05,East,Retail,1210.27,180.72,7,POS
2026-05-14,North,Commercial,1753.19,218.02,13,ERP
2026-06-26,East,Commercial,1604.44,497.24,11,ERP
2026-03-19,South,Commercial,1203.02,255.85,11,ERP
2026-05-21,East,Commercial,2008.4,313.01,12,ERP
2026-03-14,North,Wealth,775.17,235.26,4,ERP
2026-06-11,South,Commercial,1243.39,322.33,14,ERP
2026-06-03,East,Retail,1018.21,316.94,8,POS
2026-04-14,South,Commercial,1323.75,249.31,9,ERP
2026-06-19,East,Retail,1022.43,296.27,5,POS
2026-04-28,South,Retail,881.03,209.03,10,POS
2026-05-31,North,Wealth,474.34,92.49,6,ERP
2026-03-28,East,Commercial,1802.12,355.15,10,ERP
2026-04-12,North,Commercial,1367.41,395.13,11,ERP
2026-03-11,East,Wealth,888.74,195.44,5,ERP
2026-02-12,West,Retail,1389.63,366.36,7,POS
2026-06-07,South,Retail,768.72,193.38,5,POS
2026-01-09,North,Retail,975.95,194.85,12,POS
2026-03-17,South,Wealth,603.04,88.72,6,ERP
2026-03-07,East,Commercial,1951.5,483.31,13,ERP
2026-05-11,West,Retail,1532.76,473.36,7,POS
2026-05-31,South,Commercial,1812.47,462.43,11,ERP
2026-03-09,North,Wealth,742.54,142.64,6,ERP
2026-01-22,South,Retail,811.39,200.25,3,POS
2026-04-23,North,Wealth,721.31,228.32,6,ERP
2026-02-28,South,Commercial,1473.49,302.49,12,ERP
2026-04-22,South,Wealth,618.78,86.64,4,ERP
2026-02-13,West,Commercial,1704.16,473.42,9,ERP
2026-02-05,East,Commercial,1711.12,513.75,15,ERP
2026-01-07,East,Commercial,2010.17,452.92,11,ERP
2026-03-15,South,Commercial,1395.42,263.0,12,ERP
2026-05-24,West,Wealth,1050.74,167.78,6,ERP
2026-04-20,North,Retail,836.25,172.4,4,POS
2026-05-12,East,Commercial,1759.15,509.98,12,ERP
2026-03-22,South,Commercial,912.41,147.78,9,ERP
2026-04-24,North,Commercial,1965.79,564.74,14,ERP
2026-05-19,South,Commercial,1620.03,505.38,10,ERP
2026-03-25,North,Wealth,539.25,64.81,9,ERP
2026-06-04,North,Wealth,742.95,217.35,4,ERP
2026-06-28,West,Wealth,1066.36,326.77,4,ERP
2026-06-21,West,Retail,1488.19,327.99,8,POS
2026-06-09,East,Commercial,1148.08,207.29,15,ERP
2026-02-11,East,Commercial,1300.16,296.32,13,ERP
2026-05-16,West,Wealth,1424.71,346.26,4,ERP
2026-06-30,North,Commercial,1678.43,418.76,16,ERP
2026-05-16,East,Commercial,2262.45,628.12,9,ERP
2026-05-13,North,Retail,1039.59,201.78,6,POS
2026-02-17,West,Retail,1462.02,447.88,11,POS
2026-04-25,West,Retail,-1487.42,285.92,8,POS
2026-03-29,West,Retail,863.63,179.61,8,POS
2026-03-06,West,Commercial,2417.22,701.48,13,ERP
2026-02-18,East,Commercial,1705.0,527.36,9,ERP
2026-03-25,North,Commercial,1347.98,309.75,16,ERP
2026-06-29,West,Wealth,1374.28,351.07,6,ERP
2026-03-05,South,Retail,920.23,133.03,11,POS
2026-03-31,North,Wealth,703.35,213.52,4,ERP
2026-01-12,East,Commercial,1557.25,278.14,15,ERP
2026-04-28,West,Wealth,805.33,250.77,3,ERP
2026-01-07,West,Commercial,2153.16,614.3,11,ERP
2026-02-27,West,Retail,1184.12,212.08,13,POS
2026-02-10,West,Wealth,1233.68,371.54,6,ERP
2026-01-07,South,Wealth,663.42,150.18,4,ERP
2026-03-31,West,Retail,1277.22,358.25,11,POS
2026-06-27,East,Retail,1096.74,325.85,8,POS
2026-03-07,South,Retail,1136.67,274.48,9,POS
2026-06-25,West,Retail,1542.46,353.31,7,POS
2026-03-10,West,Wealth,1203.01,380.2,6,ERP
2026-02-08,East,Commercial,1225.64,350.28,12,ERP
2026-03-04,South,Wealth,747.68,140.78,6,ERP
2026-02-05,West,Wealth,799.76,238.39,6,ERP
2026-01-23,North,Commercial,1222.31,386.31,11,ERP
2026-05-28,North,Commercial,1868.71,372.8,10,ERP
2026-06-20,West,Commercial,2303.2,390.09,11,ERP
2026-04-05,North,Wealth,809.63,112.12,3,ERP
2026-04-30,South,Retail,885.49,151.55,6,POS
2026-04-24,South,Retail,1002.08,262.85,9,POS
2026-06-16,East,Retail,1070.72,285.13,8,POS
2026-03-02,West,Retail,1677.2,476.51,6,POS
2026-05-04,West,Retail,1257.08,318.93,8,POS
2026-02-18,West,Retail,1371.66,328.43,6,POS
2026-06-08,North,Wealth,837.22,208.68,5,ERP
2026-06-12,South,Retail,955.46,134.24,9,POS
2026-05-21,North,Commercial,1275.87,256.47,20,ERP
2026-05-09,East,Wealth,743.72,198.16,6,ERP
2026-06-25,West,Wealth,1132.07,260.45,7,ERP
2026-03-08,East,Retail,669.01,172.82,10,POS
2026-05-11,South,Wealth,675.76,100.64,7,ERP
2026-02-17,East,Retail,1032.34,218.8,4,POS
2026-06-01,West,Wealth,958.86,212.78,5,ERP
2026-05-24,North,Retail,912.27,122.33,8,POS
2026-03-01,East,Commercial,1255.64,320.56,19,ERP
2026-04-19,South,Retail,1050.76,147.4,4,POS
2026-05-03,North,Retail,1056.77,235.39,8,POS
2026-04-08,West,Retail,1180.57,367.34,9,POS
2026-06-24,South,Commercial,1035.3,328.32,10,ERP
2026-05-04,West,Wealth,945.42,183.73,3,ERP
2026-04-09,North,Wealth,694.72,158.99,4,ERP
2026-05-13,West,Retail,1509.48,452.1,8,POS
2026-04-04,West,Retail,880.46,108.32,7,POS
2026-02-20,South,Wealth,544.93,118.9,6,ERP
2026-05-22,West,Commercial,2687.15,618.72,17,ERP
2026-01-28,South,Wealth,586.27,185.46,4,ERP
2026-03-22,West,Wealth,950.28,158.01,7,ERP
2026-01-05,East,Wealth,949.09,246.04,5,ERP
2026-05-20,North,Commercial,1826.0,574.42,12,ERP
2026-04-25,North,Retail,1061.5,145.02,6,POS
2026-06-21,North,Retail,882.2,184.56,7,POS
2026-03-18,East,Retail,949.58,218.64,11,POS
2026-06-16,North,Wealth,851.91,144.4,2,ERP
2026-03-26,North,Retail,1143.06,256.94,6,POS
2026-05-12,South,Wealth,761.27,152.64,4,ERP
2026-03-16,North,Commercial,1285.46,245.18,11,ERP
2026-04-13,East,Wealth,627.55,84.37,7,ERP
2026-02-15,South,Retail,696.6,193.13,8,POS
2026-03-12,East,Wealth,843.66,178.94,6,ERP
2026-03-14,South,Commercial,1131.48,289.78,17,ERP
2026-05-25,West,Retail,1320.09,339.45,8,POS
2026-01-13,East,Retail,1129.66,209.24,6,POS
2026-02-07,North,Wealth,588.09,120.39,4,ERP
2026-03-22,West,Commercial,2007.59,342.06,11,ERP
2026-05-21,East,Wealth,816.3,250.13,5,ERP
2026-05-16,North,Wealth,603.97,183.96,5,ERP
2026-03-17,West,Retail,1353.62,305.42,10,POS
2026-05-27,South,Wealth,566.21,123.12,6,ERP
2026-01-29,West,Retail,714.53,216.65,8,POS
2026-02-06,South,Wealth,429.92,91.43,5,ERP
2026-02-04,South,Wealth,526.7,130.26,5,ERP
2026-04-24,East,Wealth,789.16,152.36,6,ERP
2026-01-08,North,Commercial,1475.9,307.95,5,ERP
2026-04-28,East,Commercial,2404.38,338.59,15,ERP
2026-05-05,North,Retail,560.48,134.97,8,POS
2026-04-13,North,Wealth,811.82,187.52,6,ERP
2026-04-30,West,Wealth,1200.21,370.24,6,ERP
2026-04-20,East,Wealth,876.6,110.56,3,ERP
2026-03-05,South,Commercial,1052.36,183.2,12,ERP
2026-05-08,South,Retail,868.23,262.96,7,POS
2026-04-04,East,Wealth,687.73,94.13,8,ERP
2026-06-27,East,Commercial,1722.7,525.6,11,ERP
2026-05-25,West,Commercial,2151.04,678.14,8,ERP
2026-06-15,South,Commercial,1025.78,266.23,15,ERP
2026-05-01,North,Retail,895.3,164.76,10,POS
2026-06-13,East,Retail,1675.96,277.68,8,POS
2026-01-17,West,Retail,947.78,292.05,4,POS
2026-01-05,North,Retail,889.19,136.41,9,POS
2026-04-22,West,Retail,1614.29,424.82,8,POS
2026-04-19,North,Retail,910.32,187.35,6,POS
2026-01-11,South,Commercial,1030.23,194.24,4,ERP
2026-02-07,East,Commercial,1717.3,498.86,7,ERP
2026-04-15,North,Wealth,776.97,247.3,7,ERP
2026-06-30,West,Wealth,1416.61,408.33,7,ERP
2026-06-27,East,Wealth,833.74,216.87,5,ERP
2026-05-23,North,Retail,1247.69,256.74,6,POS
2026-04-16,East,Wealth,944.69,291.97,4,ERP
2026-03-08,North,Wealth,604.13,104.06,3,ERP
2026-04-10,North,Commercial,1650.33,342.71,15,ERP
2026-02-01,North,Retail,938.85,156.28,8,POS
2026-06-14,West,Wealth,1350.48,315.14,4,ERP
2026-02-05,East,Retail,1362.76,170.39,10,POS
2026-01-29,South,Commercial,1137.46,335.08,10,ERP
2026-06-30,West,Retail,938.01,113.18,10,POS
2026-05-27,North,Retail,998.82,191.9,8,POS
2026-02-05,South,Retail,944.65,253.54,5,POS
2026-03-31,North,Retail,1017.16,259.14,5,POS
2026-01-25,West,Wealth,722.48,118.15,4,ERP
2026-01-26,North,Commercial,1534.43,375.07,12,ERP
2026-04-07,East,Wealth,869.82,155.2,3,ERP
2026-04-09,North,Commercial,1562.92,275.35,8,ERP
2026-01-28,South,Retail,545.58,80.33,11,POS
2026-05-08,West,Commercial,1713.58,532.6,16,ERP
2026-04-01,East,Wealth,905.31,286.1,7,ERP
2026-03-14,East,Wealth,725.76,173.36,5,ERP
2026-01-18,West,Commercial,2054.48,611.11,16,ERP
2026-03-12,West,Commercial,1887.22,392.05,14,ERP
2026-04-07,North,Retail,1100.49,286.39,8,POS
2026-02-13,West,Wealth,1133.11,275.73,4,ERP
2026-06-29,South,Wealth,565.8,82.74,4,ERP
2026-05-11,North,Wealth,645.13,101.1,7,ERP
2026-04-16,North,Commercial,1184.04,341.33,16,ERP
2026-03-11,West,Commercial,2042.44,470.22,15,ERP
2026-05-04,North,Retail,1403.07,204.55,7,POS
2026-02-03,North,Wealth,691.81,187.81,5,ERP
2026-06-20,North,Commercial,1557.82,253.66,17,ERP
2026-03-07,West,Commercial,2755.93,723.48,10,ERP
2026-04-07,West,Wealth,1077.89,304.48,5,ERP
2026-02-04,West,Wealth,669.6,126.79,6,ERP
2026-01-20,South,Retail,812.26,221.01,9,POS
2026-05-11,South,Retail,723.78,227.7,8,POS
2026-03-17,South,Retail,777.73,247.07,9,POS
2026-01-30,East,Retail,1017.87,158.13,5,POS
2026-01-20,North,Wealth,726.27,206.26,5,ERP
2026-01-13,South,Wealth,612.84,117.75,5,ERP
2026-06-18,East,Wealth,924.15,139.69,6,ERP
2026-02-03,East,Commercial,2260.32,319.66,8,ERP
2026-04-23,North,Commercial,1214.46,189.6,10,ERP
2026-01-12,North,Wealth,591.08,71.06,6,ERP
2026-05-22,West,Retail,1821.92,456.73,7,POS
2026-03-06,North,Retail,918.75,277.26,9,POS
2026-02-02,East,Commercial,1337.45,338.44,9,ERP
2026-04-16,West,Retail,1668.12,357.4,10,POS
2026-06-19,North,Commercial,1585.48,437.09,11,ERP
2026-02-24,North,Retail,793.58,228.51,9,POS
2026-05-05,East,Wealth,766.54,230.61,2,ERP
2026-06-07,West,Wealth,918.39,194.95,4,ERP
2026-05-01,North,Wealth,755.64,115.23,5,ERP
2026-03-19,East,Commercial,1839.48,542.81,16,ERP
2026-06-23,North,Wealth,671.92,86.52,4,ERP
2026-01-21,South,Commercial,1433.15,274.2,12,ERP
2026-06-13,South,Retail,846.86,219.42,4,POS
2026-03-24,North,Commercial,1245.43,288.1,12,ERP
2026-05-26,South,Commercial,1437.43,319.35,20,ERP
2026-06-08,East,Commercial,1698.55,338.0,14,ERP
2026-03-22,North,Retail,1046.25,282.81,6,POS
2026-01-14,North,Wealth,459.44,125.61,5,ERP
2026-02-09,South,Retail,820.51,128.97,10,POS
2026-04-11,East,Wealth,1011.5,235.98,6,ERP
2026-03-26,West,Commercial,1751.75,323.07,9,ERP
2026-02-22,North,Wealth,628.31,189.78,5,ERP
2026-03-28,West,Wealth,809.22,212.43,6,ERP
2026-01-04,East,Retail,1068.65,298.77,3,POS
2026-01-26,West,Retail,1184.46,226.75,10,POS
2026-05-20,South,Wealth,941.93,240.8,3,ERP
2026-02-25,South,Retail,823.34,170.22,10,POS
2026-03-03,East,Wealth,692.59,120.04,6,ERP
2026-05-04,South,Retail,832.95,165.57,8,POS
2026-03-12,North,Wealth,683.65,174.53,5,ERP
2026-01-24,West,Retail,1294.24,327.29,4,POS
2026-04-18,South,Retail,904.84,201.26,6,POS
2026-02-11,North,Commercial,1622.66,330.64,10,ERP
2026-06-05,East,Wealth,892.39,113.92,5,ERP
2026-05-06,North,Commercial,1442.33,204.88,15,ERP
2026-03-24,North,Retail,948.04,121.95,8,POS
2026-02-05,West,Retail,1709.82,443.58,9,POS
2026-06-16,East,Wealth,566.83,179.87,3,ERP
2026-03-04,East,Commercial,1156.98,195.16,13,ERP
2026-02-14,West,Wealth,1103.6,263.09,5,ERP
2026-04-12,South,Commercial,1826.76,490.67,8,ERP
2026-05-16,West,Retail,1121.53,262.41,9,POS
2026-01-28,East,Commercial,1464.87,213.42,13,ERP
2026-04-28,North,Retail,1330.3,271.4,7,POS
2026-01-28,East,Wealth,649.91,135.44,5,ERP
2026-05-10,North,Commercial,1610.6,275.61,10,ERP
2026-01-23,East,Commercial,1484.47,410.38,15,ERP
2026-02-07,South,Wealth,475.05,93.94,3,ERP
2026-01-20,West,Commercial,2097.6,547.33,20,ERP
2026-06-05,South,Commercial,1820.95,470.27,14,ERP
2026-06-09,North,Commercial,1643.46,320.63,12,ERP
2026-05-20,South,Retail,948.66,136.26,10,POS
2026-01-01,West,Commercial,2496.68,482.2,14,ERP
2026-03-04,North,Retail,1094.06,254.16,7,POS
2026-04-05,East,Retail,1172.89,192.27,9,POS
2026-04-10,South,Commercial,1551.92,325.98,19,ERP
2026-04-26,North,Wealth,623.62,98.72,5,ERP
2026-06-15,East,Wealth,713.53,129.13,5,ERP
2026-02-21,East,Wealth,773.41,137.58,5,ERP
2026-03-24,West,Wealth,879.83,167.8,5,ERP
2026-04-15,West,Wealth,1037.98,240.87,6,ERP
2026-04-03,West,Wealth,1150.32,219.22,6,ERP
2026-06-21,South,Commercial,1662.43,528.95,10,ERP
2026-06-27,North,Retail,1052.09,301.78,10,POS
2026-01-11,West,Commercial,2093.09,318.76,14,ERP
2026-03-21,North,Commercial,1135.73,214.48,12,ERP
2026-06-26,South,Commercial,1382.18,215.54,13,ERP
2026-02-15,West,Commercial,2411.38,754.43,11,ERP
2026-03-18,North,Retail,509.41,97.5,5,POS
2026-01-30,East,Commercial,1596.35,453.31,11,ERP
2026-03-20,West,Retail,1461.96,354.95,7,POS
2026-06-03,South,Retail,1030.68,166.92,6,POS
2026-05-24,South,Retail,978.72,214.46,10,POS
2026-06-26,North,Commercial,1708.58,490.63,12,ERP
2026-04-21,West,Commercial,2220.35,449.58,15,ERP
2026-02-10,South,Retail,981.4,271.12,6,POS
2026-03-09,East,Commercial,1942.87,362.76,16,ERP
2026-03-13,South,Retail,645.3,87.79,7,POS
2026-04-07,East,Commercial,1632.71,311.43,14,ERP
2026-02-08,South,Retail,804.39,163.87,8,POS
2026-06-02,East,Retail,1302.64,295.11,5,POS
2026-01-22,East,Commercial,1701.07,517.15,13,ERP
2026-01-07,East,Retail,909.04,111.67,7,POS
2026-04-17,East,Wealth,595.19,155.58,4,ERP
2026-01-06,East,Wealth,895.57,193.35,4,ERP
2026-06-08,North,Commercial,1419.5,235.08,15,ERP
2026-01-09,East,Retail,847.29,253.68,4,POS
2026-03-24,South,Wealth,571.9,105.03,4,ERP
2026-05-23,North,Commercial,1657.39,239.47,13,ERP
2026-04-03,East,Commercial,2105.64,392.34,19,ERP
2026-02-23,West,Commercial,1947.68,512.08,12,ERP
2026-05-29,East,Retail,961.46,122.37,7,POS
2026-05-29,South,Wealth,648.31,205.77,4,ERP
2026-04-21,East,Retail,1243.98,340.95,7,POS
2026-01-14,West,Commercial,1715.1,439.29,9,ERP
2026-06-09,East,Wealth,609.49,80.83,4,ERP
2026-04-07,South,Retail,916.3,159.71,6,POS
2026-03-11,North,Commercial,1893.57,289.2,15,ERP
2026-05-03,South,Wealth,661.0,130.48,5,ERP
2026-04-08,South,Commercial,1230.44,276.16,10,ERP
2026-03-08,West,Wealth,949.93,293.79,6,ERP
2026-02-27,South,Retail,567.11,148.42,8,POS
2026-01-08,West,Retail,1255.02,261.08,7,POS
2026-06-24,West,Retail,1613.57,424.53,5,POS
2026-05-27,East,Commercial,1849.4,464.05,18,ERP
2026-05-26,West,Commercial,2518.15,598.43,6,ERP
2026-02-05,West,Commercial,2267.11,433.3,8,ERP
2026-05-21,East,Retail,1340.13,381.76,6,POS
2026-02-27,East,Wealth,715.64,134.11,4,ERP
2026-05-19,East,Retail,981.94,163.4,4,POS
2026-05-25,East,Commercial,1343.85,254.79,10,ERP
2026-03-30,South,Retail,801.58,146.57,7,POS
2026-05-27,West,Commercial,2295.25,482.93,10,ERP
2026-05-08,West,Retail,1446.26,307.21,6,POS
2026-04-30,West,Commercial,2540.76,518.71,15,ERP
2026-03-27,East,Commercial,1154.8,313.83,13,ERP
2026-05-01,West,Commercial,2307.14,279.05,14,ERP
2026-06-29,North,Wealth,816.31,104.67,5,ERP
2026-03-01,West,Retail,1110.96,337.8,7,POS
2026-05-04,South,Wealth,581.53,85.49,7,ERP
2026-04-28,North,Wealth,602.16,86.3,4,ERP
2026-02-28,East,Retail,743.23,132.73,8,POS
2026-05-03,East,Retail,1268.83,395.55,5,POS
2026-06-14,East,Commercial,2078.92,543.17,14,ERP
2026-02-08,North,Commercial,1494.08,473.46,11,ERP
2026-05-23,West,Retail,1159.68,353.39,8,POS
2026-05-14,South,Commercial,1114.45,214.12,5,ERP
2026-01-15,West,Retail,1471.86,374.44,8,POS
2026-01-02,East,Commercial,1569.43,495.99,10,ERP
2026-04-19,East,Retail,1039.77,126.36,9,POS
2026-04-19,West,Wealth,1044.57,239.3,5,ERP
2026-04-01,East,Commercial,1980.49,570.9,11,ERP
2026-06-13,West,Commercial,2851.15,558.77,13,ERP
2026-04-10,West,Commercial,2599.91,492.55,7,ERP
2026-04-07,South,Wealth,726.53,217.07,4,ERP
2026-03-12,South,Retail,748.82,175.39,6,POS
2026-03-30,North,Retail,792.28,168.63,7,POS
2026-06-03,North,Retail,1056.15,328.26,9,POS
2026-04-14,North,Wealth,734.09,158.25,5,ERP
2026-02-25,East,Wealth,562.78,167.08,3,ERP
2026-01-21,North,Retail,899.04,227.35,7,POS
2026-05-20,East,Commercial,1280.93,316.14,18,ERP
2026-03-09,North,Retail,1077.71,258.37,10,POS
2026-02-10,West,Retail,-1029.8,259.36,9,POS
2026-06-15,West,Commercial,2924.23,452.96,20,ERP
2026-04-18,East,Commercial,1787.49,293.0,20,ERP
2026-05-28,South,Retail,774.6,94.67,9,POS
2026-01-16,South,Commercial,1130.85,220.14,12,ERP
2026-05-27,South,Retail,914.96,129.66,9,POS
2026-01-03,East,Retail,1046.52,286.38,8,POS
2026-02-15,South,Commercial,1709.6,398.96,10,ERP
2026-06-29,East,Retail,650.8,201.33,10,POS
2026-01-16,North,Retail,1116.08,214.45,7,POS
2026-03-23,South,Commercial,2098.63,384.67,14,ERP
2026-01-20,West,Retail,1497.99,250.09,6,POS
2026-03-13,East,Retail,-818.23,163.05,7,POS
2026-04-23,South,Wealth,645.24,201.71,5,ERP
2026-04-24,South,Wealth,647.06,134.62,6,ERP
2026-03-17,East,Commercial,1534.27,428.16,14,ERP
2026-01-13,East,Commercial,1763.12,466.93,12,ERP
2026-06-26,North,Retail,981.52,202.24,9,POS
2026-01-04,West,Retail,1093.97,339.81,9,POS
2026-03-01,North,Retail,774.93,181.96,9,POS
2026-02-28,West,Commercial,1555.38,458.14,15,ERP
2026-02-19,West,Retail,956.27,242.84,4,POS
2026-01-04,East,Commercial,1373.33,193.24,14,ERP
2026-03-21,South,Commercial,1679.19,336.46,14,ERP
2026-04-01,South,Retail,658.02,94.01,9,POS
2026-02-15,North,Commercial,1416.96,396.0,11,ERP
2026-04-08,East,Wealth,725.03,167.15,6,ERP
2026-02-23,East,Commercial,2206.41,685.78,15,ERP
2026-03-21,East,Retail,1247.87,240.99,12,POS
2026-04-27,West,Wealth,1052.24,336.63,4,ERP
2026-05-02,North,Commercial,1747.92,247.47,16,ERP
2026-01-07,West,Retail,1393.51,419.41,8,POS
2026-04-11,East,Retail,1299.22,230.84,6,POS
2026-01-25,West,Commercial,2236.92,315.75,5,ERP
2026-03-19,West,Retail,982.48,245.25,5,POS
2026-04-17,East,Retail,1021.94,243.47,8,POS
2026-04-19,East,Commercial,1741.82,498.04,12,ERP
2026-05-11,East,Commercial,1508.8,255.02,17,ERP
2026-06-02,East,Commercial,1984.84,594.88,11,ERP
2026-03-16,South,Retail,1015.89,322.32,8,POS
2026-03-13,South,Commercial,1276.88,265.47,13,ERP
2026-06-25,East,Retail,1158.51,147.5,5,POS
2026-03-08,North,Commercial,1850.03,238.17,16,ERP
2026-05-07,South,Commercial,1406.01,392.71,13,ERP
2026-01-19,North,Commercial,1435.84,372.91,17,ERP
2026-06-29,North,Retail,1212.7,289.84,7,POS
2026-01-03,East,Commercial,1749.37,346.71,14,ERP
2026-02-21,West,Retail,1122.98,160.4,11,POS
2026-04-26,North,Commercial,1741.57,221.5,13,ERP
2026-01-10,South,Commercial,1699.55,358.19,15,ERP
2026-06-26,South,Wealth,643.92,134.73,7,ERP
2026-02-24,North,Wealth,666.77,112.07,4,ERP
2026-02-12,North,Commercial,1867.67,519.94,12,ERP
2026-01-01,North,Wealth,665.01,120.83,6,ERP
2026-02-04,East,Wealth,724.17,116.16,5,ERP
2026-02-14,South,Commercial,1707.55,448.59,14,ERP
2026-04-03,East,Wealth,916.01,197.9,3,ERP
2026-05-06,North,Wealth,745.45,150.67,8,ERP
2026-04-16,South,Retail,740.31,90.19,7,POS
2026-06-27,South,Retail,1026.13,269.06,7,POS
2026-03-03,West,Retail,1482.65,403.13,8,POS
2026-05-16,South,Wealth,752.46,154.6,4,ERP
2026-02-25,North,Retail,960.04,238.39,7,POS
2026-06-22,South,Commercial,1193.22,244.81,10,ERP
2026-02-28,North,Wealth,605.23,184.01,5,ERP
2026-02-04,North,Retail,962.22,116.31,2,POS
2026-06-28,South,Commercial,1098.22,141.31,15,ERP
2026-04-18,South,Wealth,616.8,179.05,5,ERP
2026-03-31,South,Retail,866.83,120.53,8,POS
2026-05-05,East,Commercial,1950.37,335.3,12,ERP
2026-02-02,West,Retail,1369.79,235.7,7,POS
2026-03-15,North,Wealth,618.66,182.55,6,ERP
2026-03-30,South,Wealth,555.51,155.11,6,ERP
2026-01-07,West,Wealth,1147.88,218.19,5,ERP
2026-05-22,West,Wealth,770.12,131.7,7,ERP
2026-05-10,West,Wealth,924.19,227.55,5,ERP
2026-03-10,South,Retail,819.93,203.03,9,POS
2026-01-01,East,Retail,937.37,129.49,8,POS
2026-06-13,West,Wealth,1419.89,276.92,5,ERP
2026-05-01,East,Retail,1139.86,298.89,9,POS
2026-04-29,West,Retail,1271.06,328.47,7,POS
2026-03-20,South,Commercial,1379.05,296.71,13,ERP
2026-05-31,West,Commercial,3231.01,626.42,16,ERP
2026-06-13,South,Commercial,1010.46,152.45,10,ERP
2026-01-21,West,Commercial,1876.82,590.87,14,ERP
2026-02-22,East,Retail,1099.63,287.61,10,POS
2026-01-13,West,Commercial,2133.57,481.84,17,ERP
2026-01-12,West,Commercial,2178.28,584.17,13,ERP
2026-05-13,East,Wealth,714.72,172.84,6,ERP
2026-05-21,West,Retail,1452.42,188.59,7,POS
2026-02-08,South,Commercial,995.87,189.64,15,ERP
2026-02-04,North,Wealth,703.47,133.26,7,ERP
2026-01-25,East,Commercial,1587.97,397.51,17,ERP
2026-04-22,East,Retail,1092.92,187.35,6,POS
2026-05-22,East,Wealth,599.56,139.15,5,ERP
2026-03-16,North,Retail,1032.54,220.5,9,POS
2026-03-26,East,Commercial,1214.69,272.59,13,ERP
2026-03-27,South,Wealth,721.2,210.43,6,ERP
2026-03-08,South,Retail,461.9,114.32,6,POS
2026-06-09,South,Commercial,1618.82,361.86,13,ERP
2026-06-15,North,Wealth,812.22,151.99,5,ERP
2026-06-05,West,Retail,1342.35,220.46,7,POS
2026-04-18,North,Commercial,2041.81,287.41,13,ERP
2026-04-12,North,Wealth,743.19,111.65,3,ERP
2026-06-23,West,Retail,787.9,183.28,9,POS
2026-06-12,South,Wealth,703.77,203.93,4,ERP
2026-06-06,North,Commercial,1842.8,298.17,2,ERP
2026-01-28,East,Retail,1037.32,161.73,5,POS
2026-04-06,West,Retail,1765.41,505.77,6,POS
2026-04-13,East,Commercial,1362.08,381.96,5,ERP
2026-01-17,East,Retail,909.03,117.99,6,POS
2026-05-24,South,Commercial,1510.99,463.54,10,ERP
2026-02-19,West,Commercial,1813.12,275.5,14,ERP
2026-03-21,West,Commercial,2284.62,335.45,13,ERP
2026-05-17,East,Retail,1106.46,276.34,11,POS
2026-03-26,North,Wealth,772.47,163.81,7,ERP
2026-06-21,South,Wealth,866.17,245.9,6,ERP
2026-06-06,South,Wealth,528.26,144.59,6,ERP
2026-06-29,West,Retail,1010.56,182.13,8,POS
2026-04-28,West,Retail,1432.2,339.6,9,POS
2026-03-06,East,Wealth,752.24,198.09,6,ERP
2026-04-30,North,Wealth,596.69,95.03,2,ERP
2026-03-22,North,Commercial,1625.32,302.81,10,ERP
,East,Commercial,1435.69,228.39,11,ERP
2026-04-26,East,Commercial,2229.69,649.87,11,ERP
2026-06-26,West,Retail,1828.39,273.42,10,POS
2026-01-15,East,Retail,1280.24,204.65,10,POS
2026-05-14,East,Commercial,1784.18,351.75,6,ERP
2026-03-05,West,Wealth,655.0,184.05,6,ERP
2026-05-28,West,Commercial,2633.49,537.88,10,ERP
,East,Retail,667.37,171.58,6,POS
2026-01-13,North,Retail,1077.14,287.35,6,POS
2026-01-18,South,Wealth,660.48,201.69,5,ERP
2026-03-26,East,Retail,946.18,285.51,6,POS
2026-05-19,West,Commercial,1523.38,317.94,11,ERP
2026-03-19,East,Retail,1183.65,174.39,6,POS
2026-06-23,South,Commercial,1320.9,276.25,10,ERP
2026-04-18,West,Retail,1450.94,402.8,9,POS
2026-05-05,South,Retail,970.1,274.23,7,POS
2026-06-03,East,Commercial,1733.49,496.21,17,ERP
2026-04-02,East,Commercial,1655.95,478.7,19,ERP
2026-02-01,East,Wealth,512.51,107.88,6,ERP
2026-03-18,East,Wealth,694.76,108.21,5,ERP
2026-03-06,South,Wealth,595.65,113.43,8,ERP
2026-06-09,West,Wealth,1418.81,237.81,4,ERP
2026-01-27,South,Commercial,1043.91,256.18,10,ERP
2026-04-30,North,Retail,671.87,183.66,11,POS
2026-05-18,West,Commercial,2735.0,534.15,16,ERP
2026-03-10,North,Commercial,1524.57,225.23,15,ERP
2026-01-28,North,Wealth,592.22,130.75,5,ERP
2026-03-23,West,Commercial,2538.2,316.98,12,ERP
2026-02-23,South,Commercial,1637.41,385.28,13,ERP
2026-06-27,South,Commercial,1677.04,240.73,13,ERP
2026-02-25,East,Commercial,2152.29,661.59,11,ERP
2026-01-20,East,Retail,914.14,156.73,6,POS
2026-04-10,South,Retail,568.06,98.48,11,POS
2026-05-07,East,Commercial,1919.8,590.63,11,ERP
2026-01-17,South,Commercial,1923.88,404.0,6,ERP
2026-02-08,West,Retail,687.01,87.68,8,POS
2026-02-09,East,Retail,891.33,207.15,6,POS
2026-01-19,East,Commercial,1248.32,159.67,13,ERP
2026-02-09,West,Wealth,1138.2,320.88,7,ERP
2026-04-29,North,Retail,914.17,284.94,6,POS
2026-04-20,West,Commercial,2740.75,657.1,16,ERP
2026-05-13,West,Commercial,2360.06,435.77,12,ERP
2026-02-05,North,Wealth,588.64,88.92,6,ERP
2026-03-18,South,Wealth,614.94,98.43,6,ERP
2026-01-19,West,Retail,1510.46,474.96,4,POS
2026-04-11,East,Commercial,1577.56,432.68,10,ERP
2026-02-11,West,Wealth,946.47,206.91,6,ERP
2026-05-29,West,Wealth,1131.79,268.46,5,ERP
2026-06-24,South,Retail,894.14,243.32,6,POS
2026-06-29,West,Commercial,2298.57,500.75,12,ERP
2026-01-11,East,Retail,897.06,159.67,11,POS
2026-01-19,East,Retail,954.09,260.43,5,POS
2026-02-24,North,Commercial,1218.73,375.68,12,ERP
2026-03-04,West,Wealth,972.27,256.38,6,ERP
2026-04-13,West,Wealth,726.73,126.89,4,ERP
2026-01-05,North,Commercial,1483.93,409.28,8,ERP
2026-01-01,South,Commercial,1137.08,261.02,10,ERP
2026-05-02,South,Wealth,586.29,151.4,7,ERP
2026-01-30,South,Retail,860.71,142.41,7,POS
2026-05-03,West,Wealth,1091.46,299.35,6,ERP
2026-04-26,South,Wealth,686.28,147.83,5,ERP
2026-04-12,West,Commercial,1690.45,321.09,16,ERP
2026-03-17,North,Commercial,1136.82,216.09,12,ERP
2026-06-07,West,Retail,1643.77,255.82,6,POS
2026-01-22,South,Commercial,1327.85,221.45,12,ERP
2026-01-23,North,Retail,901.0,114.22,8,POS
2026-04-03,South,Wealth,667.17,196.35,6,ERP
2026-05-02,North,Wealth,642.78,110.37,4,ERP
2026-01-16,South,Retail,900.25,155.87,7,POS
2026-04-27,East,Wealth,748.52,145.8,5,ERP
2026-01-01,East,Wealth,729.63,225.85,7,ERP
2026-06-20,North,Retail,1163.08,207.71,9,POS
2026-03-15,West,Wealth,666.24,95.0,4,ERP
2026-02-20,North,Retail,1011.25,248.4,5,POS
2026-04-11,South,Wealth,542.82,107.97,3,ERP
2026-03-12,West,Wealth,801.23,241.01,3,ERP
2026-06-10,South,Retail,930.83,206.42,8,POS
2026-02-01,North,Commercial,1717.44,463.59,13,ERP
2026-06-04,North,Retail,1026.34,236.5,11,POS
2026-03-16,South,Wealth,581.48,127.93,6,ERP
2026-01-25,South,Wealth,542.05,168.38,6,ERP
2026-01-10,South,Retail,819.2,238.59,7,POS
2026-04-09,West,Commercial,2581.7,597.62,8,ERP
2026-04-02,North,Commercial,1957.7,254.52,11,ERP
2026-06-12,West,Retail,1201.51,189.34,6,POS
2026-06-07,South,Commercial,1755.34,324.73,13,ERP
2026-06-01,West,Commercial,2358.11,347.19,17,ERP
2026-06-18,West,Commercial,1699.02,521.77,10,ERP
2026-06-17,South,Wealth,646.45,127.44,7,ERP
2026-05-24,East,Commercial,1662.85,422.58,14,ERP
2026-04-16,North,Wealth,699.97,113.96,5,ERP
2026-05-13,North,Wealth,606.6,113.11,5,ERP
2026-02-12,South,Retail,643.77,178.22,6,POS
2026-04-25,East,Retail,724.05,226.26,6,POS
2026-03-22,South,Wealth,668.77,184.56,4,ERP
2026-06-23,South,Wealth,651.96,101.89,6,ERP
2026-02-28,West,Retail,720.81,168.95,8,POS
2026-03-30,East,Wealth,738.01,96.25,6,ERP
2026-02-16,South,Wealth,690.29,192.92,6,ERP
2026-05-10,West,Commercial,2811.09,861.67,11,ERP
2026-05-03,West,Commercial,2097.98,361.18,17,ERP
2026-01-31,East,Wealth,698.29,173.87,5,ERP
2026-02-10,East,Retail,1051.65,301.05,6,POS
2026-06-01,South,Commercial,1399.91,339.3,11,ERP
2026-05-28,West,Wealth,824.88,129.24,9,ERP
2026-05-07,North,Commercial,1358.66,375.78,13,ERP
2026-01-14,East,Retail,997.68,226.51,5,POS
2026-01-25,North,Retail,854.87,155.96,6,POS
2026-06-06,West,Commercial,2701.15,369.55,13,ERP
2026-03-01,East,Wealth,681.79,132.87,5,ERP
2026-05-11,East,Wealth,810.42,163.73,6,ERP
2026-04-29,South,Commercial,1373.28,346.98,9,ERP
2026-04-01,South,Commercial,1455.89,443.56,11,ERP
2026-01-13,West,Wealth,910.81,239.72,3,ERP
2026-06-07,North,Retail,851.12,245.65,5,POS
2026-04-12,East,Wealth,624.32,181.29,6,ERP
2026-01-17,West,Wealth,890.15,240.82,4,ERP
2026-03-20,East,Retail,1355.64,277.43,9,POS
2026-06-04,West,Retail,1760.1,389.62,6,POS
2026-05-25,North,Commercial,1739.92,461.47,12,ERP
2026-05-01,South,Commercial,1396.45,371.11,18,ERP
2026-05-24,South,Wealth,677.64,100.47,4,ERP
2026-02-10,East,Commercial,-1613.47,197.32,12,ERP
2026-01-11,West,Retail,1286.22,289.89,9,POS
2026-05-15,South,Wealth,615.28,172.04,5,ERP
2026-01-09,East,Wealth,862.53,270.41,7,ERP
2026-03-04,North,Wealth,631.5,91.35,5,ERP
2026-01-03,South,Retail,852.28,141.81,9,POS
2026-02-13,East,Wealth,508.55,71.34,6,ERP
2026-06-10,East,Commercial,1686.93,445.69,8,ERP
2026-01-05,West,Wealth,956.21,119.16,4,ERP
2026-03-13,West,Retail,1536.03,392.82,8,POS
2026-03-01,West,Commercial,2277.35,727.99,8,ERP
2026-06-12,North,Wealth,760.92,177.75,6,ERP
2026-05-10,East,Retail,1189.71,286.03,6,POS
2026-02-13,South,Retail,817.68,167.1,9,POS
2026-04-09,West,Wealth,710.06,211.76,6,ERP
2026-03-07,East,Retail,1111.95,218.11,9,POS
2026-05-02,West,Commercial,2695.24,531.09,16,ERP
2026-04-05,South,Commercial,1761.89,474.14,11,ERP
2026-06-14,South,Retail,922.8,275.47,11,POS
2026-01-13,East,Wealth,676.56,194.21,5,ERP
2026-03-03,North,Retail,1255.41,296.84,10,POS
2026-05-30,West,Commercial,1815.02,523.51,8,ERP
2026-04-06,North,Wealth,609.78,120.98,3,ERP
2026-04-29,South,Retail,1199.13,199.65,6,POS
2026-02-15,West,Retail,1077.29,228.51,5,POS
2026-04-02,West,Retail,1357.25,366.56,9,POS
2026-01-13,South,Retail,888.09,265.15,5,POS
2026-06-13,North,Commercial,1031.2,306.61,19,ERP
2026-05-13,North,Commercial,1402.97,424.53,14,ERP
2026-02-13,East,Retail,829.9,198.56,5,POS
2026-05-25,North,Retail,923.51,191.71,13,POS
2026-02-14,West,Retail,1456.55,410.84,8,POS
2026-06-25,South,Retail,966.07,182.19,9,POS
2026-03-11,South,Retail,1007.1,159.29,8,POS
2026-02-06,South,Retail,863.75,109.51,9,POS
2026-03-05,North,Wealth,606.76,146.62,6,ERP
2026-01-01,East,Commercial,1120.17,162.16,15,ERP
2026-01-18,North,Wealth,841.22,247.81,4,ERP
2026-03-27,North,Commercial,1382.04,170.76,15,ERP
2026-02-07,North,Retail,836.47,116.75,10,POS
2026-02-23,North,Retail,893.82,280.2,7,POS
2026-05-06,West,Commercial,2316.94,364.93,9,ERP
,North,Retail,895.15,212.27,8,POS
2026-03-20,South,Retail,815.18,251.23,10,POS
2026-01-11,South,Retail,872.95,193.22,6,POS
2026-04-11,North,Commercial,1574.07,361.58,14,ERP
2026-05-20,West,Retail,1708.84,392.17,7,POS
2026-01-31,West,Retail,1349.88,321.03,10,POS
2026-01-25,East,Retail,932.56,149.95,8,POS
2026-06-19,North,Retail,1141.49,296.16,7,POS
2026-02-26,West,Wealth,1001.04,178.91,6,ERP
2026-05-03,East,Wealth,775.4,187.52,5,ERP
2026-02-26,East,Commercial,1965.57,565.98,14,ERP
2026-02-27,North,Wealth,635.32,172.77,3,ERP
2026-01-20,West,Wealth,897.87,197.23,5,ERP
2026-05-09,East,Retail,1334.67,261.75,7,POS
2026-04-13,West,Retail,1687.14,439.93,10,POS
2026-03-08,West,Commercial,1687.96,482.33,16,ERP
2026-03-01,North,Commercial,2043.35,444.11,7,ERP
2026-06-02,South,Wealth,714.03,118.19,3,ERP
2026-04-10,East,Retail,1258.47,193.97,10,POS
2026-01-02,West,Retail,1195.32,218.54,6,POS
2026-02-26,West,Commercial,1676.53,250.95,13,ERP
2026-06-14,North,Retail,1333.43,278.81,6,POS
2026-06-12,West,Wealth,1257.14,361.83,5,ERP
2026-04-15,East,Retail,930.91,250.91,2,POS
2026-05-06,South,Commercial,1454.08,408.36,19,ERP
2026-03-05,West,Retail,1594.31,220.85,10,POS
2026-02-16,East,Retail,1167.53,300.01,6,POS
2026-02-09,East,Wealth,566.72,160.52,3,ERP
2026-06-10,West,Wealth,1227.86,294.11,5,ERP
2026-03-25,East,Commercial,1533.81,244.93,14,ERP
2026-05-04,East,Retail,683.59,209.71,9,POS
2026-05-23,South,Wealth,599.23,92.05,3,ERP
2026-03-28,North,Retail,1220.54,237.36,7,POS
2026-04-19,North,Commercial,2164.44,496.14,18,ERP
2026-02-01,South,Retail,805.1,166.83,10,POS
2026-02-25,West,Retail,1881.88,319.65,6,POS
2026-04-16,West,Wealth,663.92,96.71,5,ERP
2026-03-21,North,Retail,976.49,309.03,6,POS
2026-06-06,South,Commercial,2050.07,455.99,16,ERP
2026-06-03,West,Commercial,1739.86,258.72,8,ERP
2026-05-19,South,Wealth,688.87,162.89,5,ERP
2026-02-18,South,Retail,1131.69,150.33,6,POS
2026-03-21,West,Wealth,1155.1,266.89,6,ERP
2026-06-19,South,Commercial,1534.35,216.81,11,ERP
2026-03-22,East,Commercial,1401.72,228.93,22,ERP
2026-01-29,South,Wealth,435.12,129.02,4,ERP
2026-05-24,East,Wealth,808.47,208.33,6,ERP
2026-04-18,North,Wealth,878.42,138.25,5,ERP
2026-06-11,East,Commercial,2419.96,375.31,15,ERP
2026-04-08,South,Wealth,503.72,110.63,2,ERP
2026-05-06,East,Commercial,1249.85,387.96,8,ERP
2026-05-10,South,Retail,985.28,233.61,7,POS
2026-02-21,West,Wealth,880.22,189.68,4,ERP
2026-05-05,West,Commercial,1551.97,238.73,11,ERP
2026-04-12,South,Wealth,678.96,200.79,3,ERP
2026-03-08,East,Wealth,699.32,181.58,5,ERP
2026-04-06,South,Retail,930.85,238.83,4,POS
2026-05-15,East,Wealth,830.98,174.77,3,ERP
2026-04-25,South,Wealth,541.65,66.18,5,ERP
2026-02-21,East,Retail,997.69,159.95,9,POS
2026-03-13,East,Wealth,679.77,198.79,5,ERP
2026-04-01,West,Commercial,2227.32,639.74,11,ERP
2026-01-03,North,Commercial,1577.47,320.32,10,ERP
2026-01-10,North,Commercial,1810.15,371.2,14,ERP
,South,Commercial,1123.48,161.76,10,ERP
2026-06-01,South,Retail,504.64,143.54,9,POS
2026-03-10,East,Wealth,1041.45,259.22,5,ERP
2026-01-04,South,Wealth,700.45,223.18,7,ERP
2026-06-19,South,Wealth,504.94,76.94,7,ERP
2026-02-07,South,Commercial,1070.56,167.66,6,ERP
2026-02-11,West,Retail,949.71,197.27,7,POS
2026-06-27,West,Retail,1383.57,380.24,10,POS
2026-02-10,North,Wealth,819.34,125.84,4,ERP
2026-02-05,North,Commercial,1495.75,372.83,7,ERP
2026-04-24,North,Wealth,689.58,143.2,5,ERP
2026-03-14,West,Commercial,2172.11,621.32,11,ERP
2026-04-03,North,Retail,1027.5,303.95,8,POS
2026-06-06,East,Wealth,882.69,107.38,6,ERP
2026-05-02,North,Retail,886.87,130.94,5,POS
2026-02-28,South,Wealth,589.68,76.36,5,ERP
2026-06-25,North,Wealth,552.75,146.9,5,ERP
2026-01-22,West,Commercial,2294.51,442.5,11,ERP
2026-03-12,North,Retail,1323.63,387.93,7,POS
2026-01-13,South,Commercial,1135.03,188.4,8,ERP
2026-03-15,North,Retail,1191.12,187.07,10,POS
2026-02-07,West,Commercial,2094.5,431.48,5,ERP
2026-06-13,North,Retail,1038.68,326.16,9,POS
2026-05-26,South,Retail,815.34,182.21,4,POS
2026-06-24,North,Retail,1236.39,363.15,8,POS
2026-05-31,West,Wealth,1221.05,276.45,6,ERP
2026-04-13,South,Commercial,1532.78,376.9,14,ERP
2026-06-02,North,Wealth,671.84,202.28,8,ERP
2026-02-22,North,Commercial,1221.56,357.8,18,ERP
2026-04-09,South,Wealth,778.56,201.0,5,ERP
2026-05-29,South,Commercial,1568.87,272.73,7,ERP
2026-05-27,West,Retail,1331.68,288.33,4,POS
2026-04-02,South,Wealth,725.16,201.3,6,ERP
2026-03-17,South,Commercial,1124.71,189.72,13,ERP
2026-01-14,East,Commercial,1542.56,412.42,11,ERP
2026-06-30,North,Wealth,476.45,105.91,4,ERP
2026-03-18,East,Commercial,1953.28,594.28,11,ERP
2026-06-27,West,Wealth,1108.54,238.46,3,ERP
2026-02-14,North,Retail,1180.08,170.33,8,POS
2026-02-09,North,Wealth,703.38,137.32,4,ERP
2026-06-06,North,Retail,992.41,257.46,8,POS
2026-03-10,East,Retail,975.65,212.47,7,POS
2026-04-08,East,Retail,1211.83,374.46,8,POS
2026-01-16,West,Commercial,2013.88,380.2,14,ERP
2026-01-14,West,Retail,1651.62,382.69,10,POS
2026-03-22,West,Retail,908.45,280.7,10,POS
2026-01-22,West,Retail,1552.45,302.02,8,POS
2026-01-08,North,Wealth,527.67,117.37,4,ERP
2026-03-26,West,Wealth,814.75,134.15,4,ERP
2026-06-10,North,Wealth,925.84,202.9,6,ERP
2026-01-05,North,Wealth,591.34,166.94,6,ERP
2026-04-07,North,Wealth,822.7,105.56,7,ERP
2026-06-22,East,Retail,1634.85,268.53,10,POS
2026-06-19,West,Retail,1542.79,380.68,4,POS
2026-05-21,North,Retail,967.07,215.77,12,POS
2026-05-22,East,Commercial,1299.88,197.59,9,ERP
2026-05-25,West,Wealth,1298.33,363.76,6,ERP
2026-02-20,North,Commercial,1601.12,210.3,14,ERP
2026-02-27,North,Commercial,1774.36,396.66,7,ERP
2026-01-02,North,Retail,1008.43,128.92,9,POS
2026-01-26,East,Commercial,1126.41,226.68,15,ERP
2026-04-04,South,Commercial,1486.0,419.22,10,ERP
2026-06-09,West,Commercial,2691.24,551.91,15,ERP
2026-03-25,North,Retail,999.93,258.82,7,POS
2026-05-01,East,Commercial,1855.51,265.05,12,ERP
2026-05-02,South,Commercial,1840.09,302.14,13,ERP
2026-05-02,East,Wealth,810.24,112.35,4,ERP
2026-01-02,West,Wealth,979.86,165.42,3,ERP
2026-04-22,West,Commercial,2520.82,523.32,12,ERP
2026-02-26,North,Retail,1006.3,213.51,11,POS
2026-05-31,East,Wealth,-692.19,105.49,6,ERP
2026-04-23,South,Retail,702.78,164.4,9,POS
2026-05-18,East,Commercial,1858.86,395.77,12,ERP
2026-04-13,East,Retail,1122.11,155.71,9,POS
2026-04-07,West,Retail,1234.02,354.48,10,POS
2026-01-23,West,Retail,1165.42,240.06,8,POS
2026-03-18,South,Commercial,1455.47,379.7,14,ERP
2026-05-30,West,Retail,1697.58,281.06,8,POS
2026-04-27,South,Commercial,1475.95,331.26,14,ERP
2026-01-22,North,Retail,831.43,259.02,9,POS
2026-03-16,East,Wealth,882.08,113.55,4,ERP
2026-03-04,West,Commercial,2654.51,822.74,11,ERP
2026-01-06,South,Wealth,712.96,109.8,4,ERP
2026-05-17,West,Wealth,1155.96,306.65,4,ERP
2026-03-25,West,Retail,795.71,157.09,10,POS
2026-05-14,North,Wealth,659.19,93.91,3,ERP
2026-05-05,South,Commercial,1330.41,227.54,14,ERP
2026-04-06,East,Commercial,1890.87,593.15,12,ERP
2026-06-03,North,Wealth,939.73,252.81,5,ERP
2026-02-23,South,Wealth,416.77,58.59,5,ERP
2026-04-27,West,Commercial,2835.1,462.9,12,ERP
2026-02-09,North,Commercial,1840.44,351.43,17,ERP
2026-06-18,North,Wealth,652.08,185.25,5,ERP
2026-06-18,West,Retail,1219.49,189.02,10,POS
2026-06-22,East,Wealth,1074.41,265.0,3,ERP
2026-02-17,East,Wealth,739.36,221.35,7,ERP
2026-05-19,West,Retail,1898.68,467.39,7,POS
2026-03-23,North,Wealth,655.4,144.81,5,ERP
2026-03-09,South,Wealth,665.37,142.21,6,ERP
2026-04-09,East,Retail,1046.75,132.96,4,POS
2026-05-08,North,Retail,800.69,162.77,7,POS
2026-05-10,North,Retail,1173.36,309.04,8,POS
2026-05-27,East,Wealth,694.33,179.62,3,ERP
2026-04-01,West,Retail,1359.02,178.48,6,POS
2026-05-26,East,Commercial,1501.03,292.31,13,ERP
2026-06-26,North,Wealth,716.7,214.97,5,ERP
2026-01-26,East,Wealth,803.8,122.59,4,ERP
2026-05-12,East,Wealth,766.19,188.48,4,ERP
2026-04-01,North,Wealth,801.63,212.95,6,ERP
2026-03-06,East,Commercial,1663.22,303.13,13,ERP
2026-01-27,West,Retail,1897.15,410.82,6,POS
2026-06-16,South,Retail,776.92,139.22,7,POS
2026-05-09,North,Wealth,868.59,242.37,5,ERP
2026-02-10,East,Wealth,901.95,153.34,4,ERP
2026-05-04,East,Wealth,709.56,90.45,4,ERP
2026-01-02,South,Retail,642.72,135.77,6,POS
2026-02-08,East,Wealth,588.84,182.3,5,ERP
2026-01-09,South,Retail,749.52,137.69,9,POS
2026-02-10,North,Commercial,1523.71,229.37,9,ERP
2026-01-01,West,Wealth,1092.13,139.25,6,ERP
2026-06-21,East,Retail,1382.76,269.94,4,POS
2026-05-22,North,Retail,814.09,100.15,9,POS
2026-05-18,North,Wealth,764.2,143.11,7,ERP
2026-04-17,East,Commercial,1891.09,399.55,14,ERP
2026-04-20,East,Commercial,1683.18,509.29,7,ERP
2026-03-17,East,Wealth,962.05,246.54,3,ERP
2026-06-22,North,Commercial,1264.39,264.82,12,ERP
2026-01-24,North,Wealth,422.93,121.85,6,ERP
2026-04-27,West,Retail,797.81,174.26,7,POS
2026-06-30,South,Wealth,729.86,92.64,6,ERP
2026-02-12,North,Retail,794.17,175.74,7,POS
2026-01-23,South,Retail,856.0,188.06,8,POS
2026-01-16,East,Commercial,2007.27,602.81,10,ERP
2026-06-06,West,Wealth,1045.15,227.71,6,ERP
2026-04-06,West,Commercial,2442.74,505.8,8,ERP
2026-06-26,West,Wealth,997.37,306.86,8,ERP
2026-06-09,North,Wealth,827.85,101.96,6,ERP
2026-04-03,West,Retail,1182.92,149.93,6,POS
2026-06-10,South,Commercial,1049.65,204.44,12,ERP
2026-02-18,East,Retail,790.95,136.3,8,POS
2026-06-08,North,Retail,879.23,275.59,7,POS
2026-05-19,West,Wealth,1350.25,379.58,7,ERP
2026-01-07,South,Commercial,847.77,173.05,9,ERP
2026-01-07,North,Wealth,623.05,91.1,7,ERP
2026-03-15,East,Wealth,684.8,85.05,5,ERP
2026-06-15,West,Wealth,1230.14,152.0,6,ERP
2026-02-03,East,Retail,1083.12,317.96,7,POS
2026-06-02,South,Retail,1263.47,262.85,3,POS
2026-06-16,North,Commercial,1533.93,466.34,10,ERP
2026-04-18,West,Wealth,1068.86,336.94,5,ERP
2026-02-22,West,Retail,1514.75,397.35,11,POS
2026-06-22,South,Wealth,643.98,140.85,6,ERP
2026-05-17,North,Wealth,782.53,165.3,3,ERP
2026-01-13,West,Retail,1348.21,243.82,8,POS
2026-06-01,West,Retail,1675.22,433.49,10,POS
2026-06-22,West,Wealth,1157.85,308.21,7,ERP
2026-06-04,South,Wealth,663.95,134.38,6,ERP
2026-03-18,North,Wealth,793.83,238.01,6,ERP
2026-03-03,South,Commercial,1357.11,415.5,13,ERP
2026-04-11,South,Retail,899.07,163.08,7,POS
2026-04-05,South,Retail,842.45,128.43,6,POS
2026-06-07,North,Commercial,1500.86,270.22,13,ERP
2026-05-10,North,Wealth,627.14,150.88,5,ERP
2026-06-18,South,Retail,969.8,298.62,6,POS
2026-05-28,West,Retail,1324.5,383.8,3,POS
2026-04-27,North,Wealth,506.29,74.7,4,ERP
2026-06-08,South,Wealth,420.11,67.47,6,ERP
2026-06-22,North,Retail,976.02,130.56,8,POS
2026-04-29,East,Commercial,1479.4,180.37,7,ERP
2026-05-02,East,Commercial,1974.42,554.42,17,ERP
2026-03-02,East,Retail,936.88,146.6,7,POS
2026-06-05,East,Retail,896.01,186.31,8,POS
2026-05-31,North,Commercial,1437.37,399.58,14,ERP
2026-02-23,North,Wealth,648.28,81.69,8,ERP
2026-05-08,West,Wealth,923.85,276.18,7,ERP
2026-01-18,East,Retail,826.94,155.17,7,POS
2026-03-29,North,Commercial,1441.45,369.29,12,ERP
2026-06-18,East,Commercial,1506.8,460.48,15,ERP
2026-02-24,South,Retail,743.18,235.03,9,POS
2026-02-21,South,Commercial,1417.95,428.78,15,ERP
2026-06-15,South,Wealth,859.79,203.92,5,ERP
2026-01-08,East,Wealth,611.51,107.25,5,ERP
2026-05-19,North,Commercial,1825.97,399.22,15,ERP
2026-04-22,East,Commercial,2217.95,358.96,13,ERP
2026-03-20,North,Commercial,1566.1,284.8,7,ERP
,East,Retail,1193.03,315.93,7,POS
2026-05-22,South,Wealth,656.29,188.32,7,ERP
2026-01-27,West,Wealth,1097.92,312.81,4,ERP
2026-04-22,West,Wealth,886.25,238.58,3,ERP
2026-02-28,North,Commercial,1433.44,336.98,14,ERP
2026-03-01,East,Retail,922.01,220.31,9,POS
2026-03-05,East,Commercial,1145.19,185.08,18,ERP
2026-01-22,East,Retail,1116.31,143.03,4,POS
2026-04-29,East,Retail,1074.97,230.41,5,POS
2026-02-16,North,Wealth,737.7,172.9,2,ERP
2026-05-10,South,Wealth,605.12,174.08,4,ERP
2026-05-08,North,Wealth,627.3,195.55,6,ERP
2026-01-25,South,Retail,604.51,83.56,7,POS
2026-01-10,East,Wealth,696.13,211.51,6,ERP
2026-02-24,West,Commercial,2464.37,542.53,15,ERP
2026-02-14,East,Commercial,1530.69,380.99,13,ERP
2026-01-23,South,Commercial,1217.29,203.09,9,ERP
2026-05-16,South,Commercial,1692.27,397.12,17,ERP
2026-03-13,South,Wealth,681.99,179.31,4,ERP
2026-05-16,South,Retail,1218.72,330.75,10,POS
2026-05-01,East,Wealth,1126.55,168.67,4,ERP
2026-01-31,North,Wealth,632.32,81.44,8,ERP
2026-06-18,East,Retail,1263.81,364.18,7,POS
2026-01-17,North,Wealth,663.43,107.19,6,ERP
2026-04-02,South,Commercial,1366.77,316.87,13,ERP
2026-01-04,West,Wealth,885.59,265.59,5,ERP
2026-03-11,North,Retail,1033.57,244.15,9,POS
2026-05-28,East,Wealth,899.23,142.49,4,ERP
2026-02-24,South,Wealth,596.63,133.33,5,ERP
2026-06-20,South,Commercial,2024.82,425.07,9,ERP
2026-05-30,East,Commercial,846.33,116.95,16,ERP
2026-01-26,South,Wealth,625.39,90.89,5,ERP
2026-01-17,North,Commercial,1336.09,265.71,16,ERP
2026-04-15,West,Retail,1559.95,348.25,11,POS
2026-02-13,North,Commercial,1817.63,352.21,10,ERP
2026-04-07,South,Commercial,1625.09,267.88,12,ERP
2026-06-19,East,Commercial,1597.16,272.04,11,ERP
2026-05-29,West,Commercial,2253.45,655.9,14,ERP
2026-04-08,North,Wealth,840.3,175.47,6,ERP
2026-04-18,West,Commercial,2526.03,677.79,8,ERP
2026-05-15,East,Commercial,1756.46,365.2,12,ERP
2026-04-05,North,Retail,1051.53,284.22,3,POS
2026-04-02,East,Wealth,807.63,102.15,8,ERP
2026-05-09,West,Wealth,1060.39,314.53,4,ERP
2026-05-11,North,Commercial,1636.85,259.64,14,ERP
2026-01-17,West,Commercial,1511.3,196.31,11,ERP
2026-06-07,West,Commercial,1637.58,330.04,16,ERP
2026-05-08,East,Wealth,931.75,266.33,6,ERP
2026-05-28,North,Retail,1033.03,148.62,6,POS
2026-03-19,South,Wealth,836.09,194.67,5,ERP
2026-04-14,East,Wealth,629.8,149.74,6,ERP
2026-02-26,East,Retail,902.7,152.27,8,POS
2026-04-01,East,Retail,984.69,148.49,10,POS
2026-01-15,South,Wealth,653.11,81.62,4,ERP
2026-05-15,North,Commercial,1060.65,309.59,17,ERP
2026-05-17,North,Retail,727.93,224.65,11,POS
2026-03-05,West,Commercial,2111.94,307.41,18,ERP
2026-03-10,South,Commercial,1672.73,257.08,6,ERP
2026-01-03,East,Wealth,735.69,154.38,5,ERP
2026-04-05,West,Wealth,947.67,178.98,4,ERP
2026-06-17,East,Commercial,1615.83,198.4,5,ERP
2026-06-25,North,Commercial,1608.06,259.22,8,ERP
2026-01-24,West,Commercial,2599.67,464.71,17,ERP
2026-03-07,North,Wealth,772.9,137.01,3,ERP
2026-02-21,North,Wealth,686.3,101.59,4,ERP
2026-01-22,North,Commercial,1290.06,339.71,11,ERP
2026-06-27,North,Wealth,789.38,161.86,7,ERP
2026-03-10,North,Wealth,872.12,251.1,6,ERP
2026-03-18,West,Retail,1879.45,395.86,8,POS
2026-06-15,North,Retail,848.47,211.37,8,POS
2026-03-18,North,Commercial,1570.84,461.3,9,ERP
2026-01-23,South,Commercial,1217.29,203.09,9,ERP
2026-01-30,South,Wealth,530.71,101.59,6,ERP
2026-02-24,East,Wealth,845.44,259.99,7,ERP
2026-06-14,South,Wealth,500.86,159.95,8,ERP
2026-04-23,East,Wealth,759.67,120.02,5,ERP
2026-04-03,North,Commercial,1814.87,412.33,15,ERP
2026-01-27,North,Retail,741.65,107.25,7,POS
2026-04-21,North,Wealth,510.98,116.34,5,ERP
2026-03-11,North,Wealth,369.8,51.01,6,ERP
2026-06-02,West,Wealth,1440.56,299.64,5,ERP
2026-05-16,North,Retail,880.95,151.93,11,POS
2026-01-27,South,Wealth,523.6,123.84,6,ERP
2026-04-28,West,Commercial,1867.26,555.84,13,ERP
2026-03-28,East,Wealth,474.55,75.13,4,ERP
2026-06-21,West,Wealth,1261.93,247.94,5,ERP
2026-04-28,North,Commercial,1029.74,289.78,11,ERP
2026-05-28,South,Wealth,559.54,88.23,3,ERP
2026-05-26,East,Retail,997.89,223.28,7,POS
2026-05-20,South,Commercial,1632.75,419.37,8,ERP
2026-02-20,West,Wealth,1009.66,296.18,8,ERP
2026-02-21,South,Wealth,603.57,89.1,7,ERP
2026-01-22,South,Wealth,310.4,96.47,6,ERP
2026-02-01,East,Commercial,2219.79,597.21,13,ERP
2026-05-14,East,Wealth,1022.92,276.91,7,ERP
2026-01-11,West,Wealth,1014.5,185.04,5,ERP
2026-04-13,South,Retail,887.74,253.43,7,POS
2026-01-05,East,Commercial,1535.03,346.34,12,ERP
2026-01-25,East,Wealth,705.5,130.83,5,ERP
2026-05-23,South,Retail,856.49,189.61,7,POS
2026-02-24,East,Retail,1191.83,348.27,10,POS
2026-04-21,South,Wealth,631.58,190.3,6,ERP
2026-01-04,West,Commercial,1915.38,466.43,9,ERP
2026-01-15,North,Wealth,716.91,222.64,6,ERP
2026-05-22,South,Retail,899.81,193.9,8,POS
2026-06-29,South,Retail,1271.01,340.57,12,POS
2026-01-08,West,Commercial,2093.56,585.85,13,ERP
2026-01-29,West,Wealth,1049.56,284.68,6,ERP
2026-03-21,South,Wealth,618.29,143.96,5,ERP
2026-04-10,West,Retail,1390.96,326.92,9,POS
2026-06-02,North,Retail,1100.97,269.55,8,POS
2026-03-13,North,Retail,952.32,215.37,8,POS
2026-05-05,West,Retail,1534.66,234.49,8,POS
2026-06-12,East,Retail,1170.02,307.71,11,POS
2026-04-05,East,Wealth,803.56,176.35,4,ERP
2026-01-24,West,Wealth,765.51,204.86,5,ERP
2026-03-23,East,Retail,1152.7,308.01,7,POS
2026-06-14,West,Retail,1647.33,386.5,10,POS
2026-03-29,North,Wealth,634.36,83.07,4,ERP
2026-03-04,South,Retail,913.12,154.31,6,POS
2026-06-21,North,Wealth,857.56,268.31,4,ERP
2026-06-26,West,Commercial,2661.53,593.52,14,ERP
2026-01-30,North,Wealth,540.02,120.17,4,ERP
2026-06-18,North,Retail,1140.7,296.75,9,POS
2026-01-19,South,Wealth,313.01,77.91,6,ERP
2026-06-26,East,Wealth,827.69,153.97,5,ERP
2026-05-30,West,Wealth,845.94,236.8,5,ERP
2026-04-09,North,Retail,932.63,185.07,7,POS
2026-01-31,North,Commercial,867.92,231.48,15,ERP
2026-02-20,East,Commercial,2207.14,636.65,17,ERP
2026-03-29,West,Commercial,1730.27,493.01,13,ERP
2026-06-20,South,Retail,797.79,156.34,6,POS
2026-04-23,West,Commercial,1647.43,228.94,14,ERP
2026-06-13,South,Wealth,555.7,111.05,5,ERP
2026-04-18,East,Wealth,613.56,152.0,2,ERP
2026-05-28,North,Wealth,625.04,77.54,4,ERP
2026-01-29,West,Commercial,2415.48,739.42,17,ERP
2026-04-17,North,Wealth,595.65,100.04,3,ERP
2026-02-12,East,Retail,1046.44,216.65,6,POS
2026-02-15,South,Wealth,567.13,178.53,6,ERP
2026-06-08,South,Commercial,1449.05,186.11,14,ERP
2026-02-27,South,Wealth,753.61,178.73,5,ERP
2026-03-16,East,Commercial,1938.41,316.47,14,ERP
2026-04-22,North,Commercial,1488.02,197.59,10,ERP
2026-02-01,South,Commercial,1387.51,240.12,9,ERP
2026-04-09,West,Retail,960.02,126.14,12,POS
2026-06-18,North,Commercial,1523.06,426.91,12,ERP
2026-03-07,West,Wealth,1012.62,154.33,5,ERP
2026-04-15,North,Retail,1332.27,352.25,8,POS
2026-01-15,East,Wealth,-474.41,148.79,6,ERP
2026-01-08,East,Commercial,1125.89,159.0,10,ERP
2026-05-13,South,Wealth,648.97,107.47,4,ERP
2026-02-09,South,Wealth,579.58,125.14,6,ERP
2026-01-15,South,Retail,979.41,217.18,10,POS
2026-06-24,East,Commercial,1377.19,192.85,11,ERP
2026-02-16,North,Retail,730.98,207.01,9,POS
2026-02-16,South,Retail,780.78,219.72,11,POS
2026-02-18,West,Commercial,1880.17,233.36,16,ERP
2026-02-25,East,Retail,991.98,146.7,7,POS
2026-04-27,East,Commercial,1604.12,302.59,15,ERP
2026-05-02,East,Retail,1148.78,272.54,7,POS
2026-04-20,North,Wealth,505.98,86.28,6,ERP
2026-04-14,East,Retail,884.03,117.23,7,POS
2026-06-17,West,Retail,1792.62,570.85,6,POS
2026-05-26,East,Wealth,596.47,98.12,5,ERP
2026-05-18,North,Retail,774.92,121.71,11,POS
2026-06-12,East,Wealth,776.75,167.05,8,ERP
2026-02-03,South,Wealth,555.57,102.32,4,ERP
2026-05-08,East,Commercial,1544.5,362.42,18,ERP
2026-01-18,West,Wealth,909.64,184.45,4,ERP
2026-05-02,West,Retail,1759.09,229.12,6,POS
2026-02-20,North,Wealth,615.39,91.66,3,ERP
2026-04-05,East,Commercial,1326.01,423.61,20,ERP
2026-06-01,North,Wealth,525.24,101.27,4,ERP
2026-05-14,North,Retail,599.84,76.55,4,POS
2026-03-02,South,Retail,906.94,209.19,10,POS
2026-05-14,West,Retail,1647.84,439.45,8,POS
2026-04-22,East,Wealth,741.8,184.46,9,ERP
2026-03-09,South,Commercial,1480.71,310.36,17,ERP
2026-01-21,West,Retail,1010.54,150.85,3,POS
2026-05-11,South,Commercial,814.77,174.59,13,ERP
2026-05-25,North,Wealth,824.89,124.62,4,ERP
2026-06-19,West,Commercial,3009.34,558.4,4,ERP
2026-02-13,North,Wealth,739.34,171.84,3,ERP
2026-02-22,West,Commercial,2193.9,301.63,14,ERP
2026-06-20,East,Retail,1100.57,207.05,8,POS
2026-05-25,South,Retail,1073.78,153.59,5,POS
2026-01-08,South,Commercial,736.23,191.3,13,ERP
2026-03-19,North,Retail,821.52,205.2,10,POS
2026-02-28,West,Wealth,808.54,170.16,4,ERP
2026-05-18,North,Commercial,1961.2,282.45,17,ERP
2026-05-09,North,Retail,1096.27,241.25,10,POS
2026-04-03,South,Commercial,1477.6,237.44,15,ERP
2026-06-17,North,Retail,1046.69,261.29,7,POS
2026-03-25,East,Wealth,933.56,258.4,7,ERP
2026-02-11,East,Retail,1224.14,182.26,8,POS
2026-02-02,South,Commercial,1746.08,329.96,17,ERP
2026-05-27,North,Wealth,546.49,153.5,2,ERP
2026-01-27,North,Wealth,770.95,209.31,6,ERP
2026-03-30,West,Commercial,2178.15,372.47,15,ERP
2026-02-26,West,Retail,1617.49,280.93,7,POS
2026-01-08,South,Retail,744.36,168.71,5,POS
2026-01-16,West,Wealth,783.46,94.29,8,ERP
2026-02-08,North,Wealth,624.36,109.18,5,ERP
2026-01-19,North,Retail,815.85,118.78,6,POS
2026-04-29,West,Wealth,726.35,97.83,5,ERP
2026-04-06,North,Commercial,1597.19,481.75,16,ERP
2026-04-10,East,Commercial,1704.48,306.0,13,ERP
2026-03-26,South,Commercial,1405.78,275.89,12,ERP
2026-04-22,North,Retail,764.15,183.07,6,POS
2026-06-20,East,Wealth,843.26,219.15,3,ERP
2026-04-12,East,Retail,800.66,240.44,7,POS
2026-02-07,West,Wealth,686.5,140.2,4,ERP
2026-03-14,West,Wealth,881.77,275.12,6,ERP
2026-02-01,West,Wealth,885.33,114.83,6,ERP
2026-03-30,North,Wealth,693.33,210.69,4,ERP
2026-01-24,North,Retail,782.6,220.45,7,POS
2026-03-05,North,Commercial,1486.6,353.09,19,ERP
2026-05-28,South,Commercial,1131.11,211.05,16,ERP
2026-01-01,South,Retail,836.7,197.73,6,POS
2026-04-01,North,Retail,945.51,185.32,8,POS
2026-04-25,South,Retail,828.01,209.14,9,POS
2026-03-02,East,Wealth,931.87,119.71,5,ERP
2026-02-16,South,Commercial,1108.66,209.95,6,ERP
2026-06-23,East,Wealth,1001.71,258.26,6,ERP
2026-06-07,East,Retail,1011.61,234.17,7,POS
2026-05-03,North,Wealth,623.72,89.76,5,ERP
2026-02-13,South,Commercial,1213.34,301.34,15,ERP
2026-02-16,West,Commercial,1306.64,374.04,7,ERP
2026-04-03,North,Wealth,789.34,120.62,6,ERP
2026-05-11,West,Commercial,2162.86,289.67,13,ERP
2026-03-12,North,Commercial,2219.45,541.49,11,ERP
2026-04-24,South,Commercial,1499.74,323.8,13,ERP
2026-03-02,West,Wealth,1044.31,232.17,6,ERP
2026-03-27,North,Retail,828.57,160.87,7,POS
2026-05-26,West,Wealth,1278.03,395.64,5,ERP
2026-01-17,North,Retail,1024.37,257.32,7,POS
2026-05-05,North,Commercial,1534.58,403.91,16,ERP
2026-02-22,South,Retail,526.49,91.22,8,POS
2026-05-16,East,Retail,1040.64,180.85,9,POS
2026-06-12,West,Commercial,3450.47,950.55,10,ERP
2026-05-18,South,Retail,1087.71,233.62,11,POS
2026-04-15,West,Commercial,2016.23,525.73,13,ERP
2026-02-14,West,Retail,1456.55,410.84,8,POS
2026-03-01,West,Wealth,756.31,194.41,5,ERP
2026-04-24,East,Commercial,1764.74,280.22,10,ERP
2026-03-14,South,Wealth,618.62,120.39,4,ERP
2026-02-14,South,Wealth,680.15,93.08,3,ERP
2026-06-01,North,Retail,794.15,186.06,5,POS
2026-03-07,North,Commercial,1424.3,171.19,10,ERP
2026-02-26,East,Wealth,591.02,147.8,4,ERP
2026-03-14,North,Commercial,1011.9,247.14,15,ERP
2026-05-30,North,Wealth,660.12,208.84,3,ERP
2026-03-31,East,Wealth,870.29,202.09,8,ERP
2026-04-11,West,Retail,1359.02,368.86,9,POS
2026-02-23,East,Retail,986.12,266.51,6,POS
2026-06-02,East,Wealth,787.37,147.49,5,ERP
2026-04-05,West,Commercial,2527.42,674.19,14,ERP
2026-06-30,East,Retail,1143.02,296.13,7,POS
2026-04-02,East,Retail,1008.32,149.17,7,POS
2026-06-25,South,Commercial,1674.05,445.15,14,ERP
2026-02-20,South,Retail,904.3,182.99,6,POS
2026-04-15,East,Wealth,753.59,121.42,5,ERP
2026-02-28,East,Commercial,1355.97,266.99,15,ERP
2026-03-12,West,Retail,1302.25,290.3,10,POS
2026-04-20,South,Wealth,465.82,126.92,2,ERP
2026-02-12,East,Commercial,1314.96,375.22,14,ERP
2026-06-02,South,Commercial,1533.08,468.05,10,ERP
2026-01-12,North,Retail,865.6,272.25,13,POS
2026-06-27,South,Wealth,728.31,112.81,6,ERP
2026-06-20,North,Wealth,676.06,197.95,6,ERP
2026-03-01,South,Retail,744.23,210.75,10,POS
2026-05-21,West,Commercial,1339.67,244.62,16,ERP
2026-03-27,East,Wealth,860.66,166.44,7,ERP
2026-02-07,South,Retail,625.37,126.24,8,POS
2026-01-07,East,Wealth,822.87,242.21,4,ERP
2026-04-22,South,Retail,920.13,201.27,8,POS
2026-01-23,East,Retail,1035.15,192.08,5,POS
2026-04-23,South,Commercial,1410.57,173.45,13,ERP
2026-06-26,South,Retail,904.02,129.58,9,POS
2026-03-04,West,Retail,1462.9,351.84,6,POS
2026-06-28,West,Retail,1528.62,373.9,7,POS
2026-01-31,South,Retail,655.9,109.89,7,POS
2026-04-21,South,Commercial,1152.47,158.96,5,ERP
2026-03-16,West,Wealth,863.85,249.67,5,ERP
2026-04-27,South,Wealth,410.52,53.94,4,ERP
2026-05-31,West,Retail,1202.67,212.63,6,POS
2026-03-20,West,Commercial,2147.42,297.83,9,ERP
2026-02-11,North,Retail,716.76,181.38,8,POS
2026-06-21,South,Retail,1159.8,287.69,11,POS
2026-03-27,West,Wealth,893.33,177.87,5,ERP
2026-05-20,North,Retail,849.99,153.05,10,POS
2026-05-24,North,Wealth,827.05,180.04,6,ERP
2026-01-03,North,Wealth,481.31,149.95,7,ERP
2026-02-04,West,Retail,1617.04,469.39,7,POS
2026-02-14,East,Wealth,738.48,90.91,6,ERP
2026-06-11,North,Commercial,1581.45,340.21,11,ERP
2026-06-01,South,Wealth,908.35,285.59,6,ERP
2026-01-24,East,Commercial,1941.31,457.48,18,ERP
2026-03-15,North,Commercial,1312.07,337.77,11,ERP
2026-05-25,South,Wealth,728.96,214.99,5,ERP
2026-01-21,North,Commercial,1258.65,234.54,14,ERP
2026-02-19,North,Retail,633.67,83.11,3,POS
2026-06-06,South,Retail,1070.06,195.28,7,POS
2026-04-30,East,Retail,927.13,241.88,7,POS
2026-02-09,West,Retail,1613.2,264.21,7,POS
2026-05-05,North,Wealth,698.88,110.93,4,ERP
2026-03-05,North,Retail,867.01,226.55,8,POS
2026-03-21,North,Wealth,709.47,131.09,4,ERP
2026-02-09,South,Commercial,1697.95,299.25,12,ERP
2026-05-13,East,Retail,1267.92,287.05,6,POS
2026-06-01,North,Commercial,1712.02,489.69,16,ERP
2026-06-10,East,Retail,1212.2,160.98,7,POS
2026-03-28,South,Wealth,394.93,80.16,6,ERP
2026-06-03,West,Retail,2009.14,462.97,10,POS
2026-03-24,East,Retail,632.67,120.14,8,POS
2026-03-22,East,Retail,1153.3,286.64,11,POS
2026-01-20,South,Commercial,1121.86,245.86,20,ERP
2026-04-21,North,Retail,884.42,171.07,10,POS
2026-06-08,South,Retail,1002.07,271.62,6,POS
2026-04-08,North,Commercial,2108.74,534.06,9,ERP
2026-01-18,North,Retail,973.59,169.6,6,POS
2026-02-21,North,Commercial,1283.23,158.1,21,ERP
2026-01-06,West,Wealth,1359.68,422.86,3,ERP
2026-03-23,North,Commercial,1723.03,479.73,13,ERP
2026-01-13,North,Commercial,1494.1,335.8,11,ERP
2026-05-06,East,Retail,1094.0,298.32,7,POS
2026-02-10,South,Wealth,613.25,158.56,4,ERP
2026-03-01,North,Wealth,511.29,163.22,6,ERP
2026-06-03,West,Wealth,980.63,271.84,4,ERP
2026-06-19,West,Wealth,1260.06,230.22,2,ERP
2026-05-15,South,Commercial,1897.86,526.07,12,ERP
2026-02-08,South,Wealth,569.76,152.86,6,ERP
2026-04-21,East,Commercial,1846.99,515.16,6,ERP
2026-01-06,South,Retail,831.52,232.96,6,POS
2026-05-31,East,Commercial,1614.8,502.81,15,ERP
2026-01-31,South,Commercial,1653.64,202.52,14,ERP
2026-04-12,North,Retail,866.5,173.94,5,POS
2026-05-07,South,Retail,830.26,116.3,9,POS
2026-03-31,West,Wealth,629.56,82.81,6,ERP
2026-05-26,North,Wealth,605.6,165.94,5,ERP
2026-02-20,East,Retail,1107.86,232.04,7,POS
